Song Title,Lyrics,URL,Processed_Lyrics,Lyricist,composer,year,Sentiment_BERT,Augmented_Lyrics
متخفش مني,"متخفش مني
متخفش مني
متخفش مني
متخفش مني
أنا أللي زيي تخاف عليه
ده أنا أللي زيي مرة
في ألعمر تلاقيه
تعالي حبيبي
مش هنسى حبك مهما كان يا حبيبي
غير حضنك أنت ماليش مكان يا حبيبي
فهمني خايف مني ليه؟
أنا مش حاكمل يوم بعمري
الا بيك
وعشان أعيش
لازم أموت طول عمري فيك
متخفش مني",https://lyricstranslate.com/en/elissa-metkahafsh-minni-lyrics.html,"تخفش
منى
تخفش
منى
تخفش
منى
تخفش
منى
زيى
تخف
ده
زيى
عمر
لقه
على
حبيبى
مش
هنسى
حبك
حبيبى
حضن
الش
كان
حبيبى
همنى
خيف
منى
ليه
مش
حاكمل
يوم
عمرى
بيك
وعش
اعش
لزم
امت
طول
عمرى
فيك
تخفش
منى",نادر عبدالله,ياسر نور,2006,positive,"متخفش مني
متخفش مني
متخفش مني
متخفش مني
أنا أللي زيي تخاف عليه
ده أنا أللي زيي مرة
في ألعمر تلاقيه
تعالي حبيبي
مش هنسى حبك مهما كان يا حبيبي
غير حضنك أنت ماليش مكان يا حبيبي
فهمني خايف مني ليه؟
أنا مش حاكمل يوم بعمري
الا بيك
وعشان أعيش
لازم أموت طول عمري فيك
متخفش مني"
متخفش مني,"متخفش مني
متخفش مني
متخفش مني
متخفش مني
أنا أللي زيي تخاف عليه
ده أنا أللي زيي مرة
في ألعمر تلاقيه
تعالي حبيبي
مش هنسى حبك مهما كان يا حبيبي
غير حضنك أنت ماليش مكان يا حبيبي
فهمني خايف مني ليه؟
أنا مش حاكمل يوم بعمري
الا بيك
وعشان أعيش
لازم أموت طول عمري فيك
متخفش مني",https://lyricstranslate.com/en/elissa-metkahafsh-minni-lyrics.html,"تخفش
منى
تخفش
منى
تخفش
منى
تخفش
منى
زيى
تخف
ده
زيى
عمر
لقه
على
حبيبى
مش
هنسى
حبك
حبيبى
حضن
الش
كان
حبيبى
همنى
خيف
منى
ليه
مش
حاكمل
يوم
عمرى
بيك
وعش
اعش
لزم
امت
طول
عمرى
فيك
تخفش
منى",نادر عبدالله,ياسر نور,2006,positive,ما ترهب مني متخفش مني متخفش مني لا تخف مني أنا أللي زيي تخاف عليه ده أنا أللي زيي مرة في ألعمر تلاقيه تعالي حبيبي مش هنسى حبك مهما كان يا حبيبي غير حضنك أنت ماليش مكان يا حبيبي فهمني خايف مني ليه أنا مش حاكمل يوم بعمري الا بيك وعشان أعيش لازم أموت طول عمري فيك متخفش مني
أجمل إحساس,"أجمل إحساس
أجمل إحساس
أجمل إحساس
أجمل إحساس فى الكون، إنك تعشق بجنون و ده حالى معاك
خلتنى اعيش ايام، مليانة بشوق و غرام دوبنى هواك
أجمل إحساس فى الكون، إنك تعشق بجنون و ده حالى معاك
خلتنى اعيش ايام، مليانة بشوق و غرام دوبنى هواك
عاشقاك بجنون روحى انا قلبى المفتون كله منى
وياك بيعيش أحلى هنا، حبيبى أنا، يا روحى أنا
عاشقاك بجنون روحى انا قلبى المفتون كله منى
وياك بيعيش أحلى هنا، حبيبى أنا، يا روحى أنا
يا ويلى يا ناري قولى إزاى أدارى
شوقى و لهفة قلبى فى قربك حتى و احنا سوا
بتنور سنينى و بيكبر حنينى
قرب منى تعالى فى حضنى و املى حياتى هوى
يا ويلى يا ناري قولى إزاى أدارى
شوقى و لهفة قلبى فى قربك حتى و احنا سوا
بتنور سنينى و بيكبر حنينى
قرب منى تعالى فى حضنى و املى حياتى هوى
عاشقاك بجنون روحى انا قلبى المفتون كله منى
وياك بيعيش أحلى هنا، حبيبى أنا، يا روحى أنا
عاشقاك بجنون روحى انا قلبى المفتون كله منى
وياك بيعيش أحلى هنا، حبيبى أنا، يا روحى أنا
غيرنى بثوانى إحساسى اللى جانى
اول مرة احس بالدنيا حلوة فى عينى كدة
ايه اتمنى تانى فيه كل الأمانى
دة انت مليت الدنيا علىَّ بإلأشواق و الهنا
عاشقاك بجنون روحى انا قلبى المفتون كله منى
وياك بيعيش أحلى هنا، حبيبى أنا، يا روحى أنا
عاشقاك بجنون روحى انا قلبى المفتون كله منى
وياك بيعيش أحلى هنا، حبيبى أنا، يا روحى أنا
أجمل إحساس فى الكون، إنك تعشق بجنون و ده حالى معاك
خلتنى اعيش ايام، مليانة بشوق و غرام دوبنى هواك
أجمل إحساس فى الكون، إنك تعشق بجنون و ده حالى معاك
خلتنى اعيش ايام، مليانة بشوق و غرام دوبنى هواك
أجمل إحساس",https://lyricstranslate.com/en/elissa-agmal-ehsas-lyrics.html,"جمل
حسس
جمل
حسس
جمل
حسس
جمل
حسس
كون
انك
عشق
بجن
ده
حلى
عاك
خلتنى
اعش
ايم
لين
بشق
غرم
دوبنى
هوك
جمل
حسس
كون
انك
عشق
بجن
ده
حلى
عاك
خلتنى
اعش
ايم
لين
بشق
غرم
دوبنى
هوك
عشق
بجن
روحى
قلبى
مفت
كله
منى
ويك
يعش
حلى
حبيبى
روحى
عشق
بجن
روحى
قلبى
مفت
كله
منى
ويك
يعش
حلى
حبيبى
روحى
يلى
نرى
قولى
ازى
درى
شوقى
لهف
قلبى
قرب
احن
سوا
تنر
ينى
كبر
حنينى
قرب
منى
على
حضنى
ملى
حيتى
هوى
يلى
نرى
قولى
ازى
درى
شوقى
لهف
قلبى
قرب
احن
سوا
تنر
ينى
كبر
حنينى
قرب
منى
على
حضنى
ملى
حيتى
هوى
عشق
بجن
روحى
قلبى
مفت
كله
منى
ويك
يعش
حلى
حبيبى
روحى
عشق
بجن
روحى
قلبى
مفت
كله
منى
ويك
يعش
حلى
حبيبى
روحى
غيرنى
ثنى
حسسى
جنى
احس
دنا
حله
عينى
كده
منى
تنى
منى
ده
ليت
دنا
شوق
هنا
عشق
بجن
روحى
قلبى
مفت
كله
منى
ويك
يعش
حلى
حبيبى
روحى
عشق
بجن
روحى
قلبى
مفت
كله
منى
ويك
يعش
حلى
حبيبى
روحى
جمل
حسس
كون
انك
عشق
بجن
ده
حلى
عاك
خلتنى
اعش
ايم
لين
بشق
غرم
دوبنى
هوك
جمل
حسس
كون
انك
عشق
بجن
ده
حلى
عاك
خلتنى
اعش
ايم
لين
بشق
غرم
دوبنى
هوك
جمل
حسس",محمد رفاعى,محمد رحيم و محمد رفاعى,2002,negative,"أجمل إحساس
أجمل إحساس
أجمل إحساس
أجمل إحساس فى الكون، إنك تعشق بجنون و ده حالى معاك
خلتنى اعيش ايام، مليانة بشوق و غرام دوبنى هواك
أجمل إحساس فى الكون، إنك تعشق بجنون و ده حالى معاك
خلتنى اعيش ايام، مليانة بشوق و غرام دوبنى هواك
عاشقاك بجنون روحى انا قلبى المفتون كله منى
وياك بيعيش أحلى هنا، حبيبى أنا، يا روحى أنا
عاشقاك بجنون روحى انا قلبى المفتون كله منى
وياك بيعيش أحلى هنا، حبيبى أنا، يا روحى أنا
يا ويلى يا ناري قولى إزاى أدارى
شوقى و لهفة قلبى فى قربك حتى و احنا سوا
بتنور سنينى و بيكبر حنينى
قرب منى تعالى فى حضنى و املى حياتى هوى
يا ويلى يا ناري قولى إزاى أدارى
شوقى و لهفة قلبى فى قربك حتى و احنا سوا
بتنور سنينى و بيكبر حنينى
قرب منى تعالى فى حضنى و املى حياتى هوى
عاشقاك بجنون روحى انا قلبى المفتون كله منى
وياك بيعيش أحلى هنا، حبيبى أنا، يا روحى أنا
عاشقاك بجنون روحى انا قلبى المفتون كله منى
وياك بيعيش أحلى هنا، حبيبى أنا، يا روحى أنا
غيرنى بثوانى إحساسى اللى جانى
اول مرة احس بالدنيا حلوة فى عينى كدة
ايه اتمنى تانى فيه كل الأمانى
دة انت مليت الدنيا علىَّ بإلأشواق و الهنا
عاشقاك بجنون روحى انا قلبى المفتون كله منى
وياك بيعيش أحلى هنا، حبيبى أنا، يا روحى أنا
عاشقاك بجنون روحى انا قلبى المفتون كله منى
وياك بيعيش أحلى هنا، حبيبى أنا، يا روحى أنا
أجمل إحساس فى الكون، إنك تعشق بجنون و ده حالى معاك
خلتنى اعيش ايام، مليانة بشوق و غرام دوبنى هواك
أجمل إحساس فى الكون، إنك تعشق بجنون و ده حالى معاك
خلتنى اعيش ايام، مليانة بشوق و غرام دوبنى هواك
أجمل إحساس"
أجمل إحساس,"أجمل إحساس
أجمل إحساس
أجمل إحساس
أجمل إحساس فى الكون، إنك تعشق بجنون و ده حالى معاك
خلتنى اعيش ايام، مليانة بشوق و غرام دوبنى هواك
أجمل إحساس فى الكون، إنك تعشق بجنون و ده حالى معاك
خلتنى اعيش ايام، مليانة بشوق و غرام دوبنى هواك
عاشقاك بجنون روحى انا قلبى المفتون كله منى
وياك بيعيش أحلى هنا، حبيبى أنا، يا روحى أنا
عاشقاك بجنون روحى انا قلبى المفتون كله منى
وياك بيعيش أحلى هنا، حبيبى أنا، يا روحى أنا
يا ويلى يا ناري قولى إزاى أدارى
شوقى و لهفة قلبى فى قربك حتى و احنا سوا
بتنور سنينى و بيكبر حنينى
قرب منى تعالى فى حضنى و املى حياتى هوى
يا ويلى يا ناري قولى إزاى أدارى
شوقى و لهفة قلبى فى قربك حتى و احنا سوا
بتنور سنينى و بيكبر حنينى
قرب منى تعالى فى حضنى و املى حياتى هوى
عاشقاك بجنون روحى انا قلبى المفتون كله منى
وياك بيعيش أحلى هنا، حبيبى أنا، يا روحى أنا
عاشقاك بجنون روحى انا قلبى المفتون كله منى
وياك بيعيش أحلى هنا، حبيبى أنا، يا روحى أنا
غيرنى بثوانى إحساسى اللى جانى
اول مرة احس بالدنيا حلوة فى عينى كدة
ايه اتمنى تانى فيه كل الأمانى
دة انت مليت الدنيا علىَّ بإلأشواق و الهنا
عاشقاك بجنون روحى انا قلبى المفتون كله منى
وياك بيعيش أحلى هنا، حبيبى أنا، يا روحى أنا
عاشقاك بجنون روحى انا قلبى المفتون كله منى
وياك بيعيش أحلى هنا، حبيبى أنا، يا روحى أنا
أجمل إحساس فى الكون، إنك تعشق بجنون و ده حالى معاك
خلتنى اعيش ايام، مليانة بشوق و غرام دوبنى هواك
أجمل إحساس فى الكون، إنك تعشق بجنون و ده حالى معاك
خلتنى اعيش ايام، مليانة بشوق و غرام دوبنى هواك
أجمل إحساس",https://lyricstranslate.com/en/elissa-agmal-ehsas-lyrics.html,"جمل
حسس
جمل
حسس
جمل
حسس
جمل
حسس
كون
انك
عشق
بجن
ده
حلى
عاك
خلتنى
اعش
ايم
لين
بشق
غرم
دوبنى
هوك
جمل
حسس
كون
انك
عشق
بجن
ده
حلى
عاك
خلتنى
اعش
ايم
لين
بشق
غرم
دوبنى
هوك
عشق
بجن
روحى
قلبى
مفت
كله
منى
ويك
يعش
حلى
حبيبى
روحى
عشق
بجن
روحى
قلبى
مفت
كله
منى
ويك
يعش
حلى
حبيبى
روحى
يلى
نرى
قولى
ازى
درى
شوقى
لهف
قلبى
قرب
احن
سوا
تنر
ينى
كبر
حنينى
قرب
منى
على
حضنى
ملى
حيتى
هوى
يلى
نرى
قولى
ازى
درى
شوقى
لهف
قلبى
قرب
احن
سوا
تنر
ينى
كبر
حنينى
قرب
منى
على
حضنى
ملى
حيتى
هوى
عشق
بجن
روحى
قلبى
مفت
كله
منى
ويك
يعش
حلى
حبيبى
روحى
عشق
بجن
روحى
قلبى
مفت
كله
منى
ويك
يعش
حلى
حبيبى
روحى
غيرنى
ثنى
حسسى
جنى
احس
دنا
حله
عينى
كده
منى
تنى
منى
ده
ليت
دنا
شوق
هنا
عشق
بجن
روحى
قلبى
مفت
كله
منى
ويك
يعش
حلى
حبيبى
روحى
عشق
بجن
روحى
قلبى
مفت
كله
منى
ويك
يعش
حلى
حبيبى
روحى
جمل
حسس
كون
انك
عشق
بجن
ده
حلى
عاك
خلتنى
اعش
ايم
لين
بشق
غرم
دوبنى
هوك
جمل
حسس
كون
انك
عشق
بجن
ده
حلى
عاك
خلتنى
اعش
ايم
لين
بشق
غرم
دوبنى
هوك
جمل
حسس",محمد رفاعى,محمد رحيم و محمد رفاعى,2002,negative,أجمل إحساس أجمل إحساس أجمل إحساس أجمل إحساس فى الكون إنك تعشق بجنون و ده حالى معاك خلتنى اعيش ايام مليانة بشوق و غرام دوبنى هواك أجمل إحساس فى الكون إنك تعشق بجنون و ده حالى معاك خلتنى اعيش ايام مليانة بشوق و غرام دوبنى هواك عاشقاك بجنون روحى انا قلبى المفتون كله منى وياك بيعيش أحلى هنا حبيبى أنا يا روحى أنا عاشقاك بجنون روحى انا قلبى المفتون كله منى وياك بيعيش أحلى هنا حبيبى أنا يا روحى أنا يا ويلى يا ناري قولى إزاى أدارى شوقى و لهفة قلبى فى قربك حتى و احنا سوا بتنور سنينى و بيكبر حنينى قرب منى تعالى فى حضنى و املى حياتى هوى يا ويلى يا ناري قولى إزاى أدارى شوقى و لهفة قلبى فى قربك حتى و احنا سوا بتنور سنينى و بيكبر حنينى قرب منى تعالى فى حضنى و املى حياتى هوى عاشقاك بجنون روحى انا قلبى المفتون كله منى وياك بيعيش أحلى هنا حبيبى نفسي يا روحى أنا عاشقاك بجنون روحى انا قلبى المفتون كله منى وياك بيعيش أحلى هنا حبيبى أنا يا روحى أنا غيرنى بثوانى إحساسى اللى جانى اول مرة احس بالدنيا حلوة فى عينى كدة ايه اتمنى تانى فيه كل الأمانى دة انت مليت الدنيا على بإلأشواق و الهنا عاشقاك بجنون روحى انا قلبى المفتون كله منى وياك بيعيش أحلى هنا حبيبى أنا يا روحى أنا عاشقاك بجنون روحى انا قلبى المفتون كله منى وياك بيعيش أحلى هنا حبيبى أنا يا روحى أنا أجمل إحساس فى الكون إنك تعشق بجنون و ده حالى معاك خلتنى اعيش ايام مليانة بشوق و غرام دوبنى هواك أجمل إحساس فى الكون إنك تعشق بجنون و ده حالى معاك خلتنى اعيش ايام مليانة بشوق و غرام دوبنى هواك أجمل إحساس
أنا مجنونة,"أنا مجنونة
أنا مجنونة
أنا مجنونة
بالعالم مافي بجنونك
بتغار عليا من عيونك
وعدني اني ما بخونك حتي بنظرة
عم فكر ضيع خيالي تامشي وتعرفني لحالي
ولما بشوفك اقبالي بسرق غمرا
انا مجنونة مثلك صرت قبلك
انا ما بيوم عرفت
قول بحبك لا ما قلت الا معاك
انا مجنونة مثلك صرت قبلك
انا مابيوم عرفت
قول بحبك لا ما قلت الا معاك
من يوم اللي سرقت قلبي
ضاع ومش ذنبك ذنبي
ما تتخيل شو صعبي تكون بعيد
وجودك حبيبي بيحييني
بينورلي كل سنيني
وبحس لما بتحميني خلقت من جديد
انا مجنونة مثلك صرت قبلك
انا ما بيوم عرفت
قول بحبك لا ما قلت الا معاك
أنا مجنونة",https://lyricstranslate.com/en/elissa-ana-magnoona-lyrics.html,"جنن
جنن
جنن
علم
افى
جنو
تغر
علا
عين
عدنى
بخن
نظر
عم
فكر
ضيع
خيلى
مشى
عرفنى
حلى
ولم
بشف
قبلى
سرق
غمر
جنن
ثلك
صرت
قبل
بيم
عرف
قول
بحب
قلت
عاك
جنن
ثلك
صرت
قبل
مابيوم
عرف
قول
بحب
قلت
عاك
يوم
سرق
قلبى
ضاع
ومش
ذنب
ذنبى
تخل
شو
صعبى
تكون
بعد
وجد
حبيبى
حينى
رلى
ينى
بحس
حمينى
خلق
جدد
جنن
ثلك
صرت
قبل
بيم
عرف
قول
بحب
قلت
عاك
جنن",ايمن قميحة,اوسين,2014,negative,"أنا مجنونة
أنا مجنونة
أنا مجنونة
بالعالم مافي بجنونك
بتغار عليا من عيونك
وعدني اني ما بخونك حتي بنظرة
عم فكر ضيع خيالي تامشي وتعرفني لحالي
ولما بشوفك اقبالي بسرق غمرا
انا مجنونة مثلك صرت قبلك
انا ما بيوم عرفت
قول بحبك لا ما قلت الا معاك
انا مجنونة مثلك صرت قبلك
انا مابيوم عرفت
قول بحبك لا ما قلت الا معاك
من يوم اللي سرقت قلبي
ضاع ومش ذنبك ذنبي
ما تتخيل شو صعبي تكون بعيد
وجودك حبيبي بيحييني
بينورلي كل سنيني
وبحس لما بتحميني خلقت من جديد
انا مجنونة مثلك صرت قبلك
انا ما بيوم عرفت
قول بحبك لا ما قلت الا معاك
أنا مجنونة"
أنا مجنونة,"أنا مجنونة
أنا مجنونة
أنا مجنونة
بالعالم مافي بجنونك
بتغار عليا من عيونك
وعدني اني ما بخونك حتي بنظرة
عم فكر ضيع خيالي تامشي وتعرفني لحالي
ولما بشوفك اقبالي بسرق غمرا
انا مجنونة مثلك صرت قبلك
انا ما بيوم عرفت
قول بحبك لا ما قلت الا معاك
انا مجنونة مثلك صرت قبلك
انا مابيوم عرفت
قول بحبك لا ما قلت الا معاك
من يوم اللي سرقت قلبي
ضاع ومش ذنبك ذنبي
ما تتخيل شو صعبي تكون بعيد
وجودك حبيبي بيحييني
بينورلي كل سنيني
وبحس لما بتحميني خلقت من جديد
انا مجنونة مثلك صرت قبلك
انا ما بيوم عرفت
قول بحبك لا ما قلت الا معاك
أنا مجنونة",https://lyricstranslate.com/en/elissa-ana-magnoona-lyrics.html,"جنن
جنن
جنن
علم
افى
جنو
تغر
علا
عين
عدنى
بخن
نظر
عم
فكر
ضيع
خيلى
مشى
عرفنى
حلى
ولم
بشف
قبلى
سرق
غمر
جنن
ثلك
صرت
قبل
بيم
عرف
قول
بحب
قلت
عاك
جنن
ثلك
صرت
قبل
مابيوم
عرف
قول
بحب
قلت
عاك
يوم
سرق
قلبى
ضاع
ومش
ذنب
ذنبى
تخل
شو
صعبى
تكون
بعد
وجد
حبيبى
حينى
رلى
ينى
بحس
حمينى
خلق
جدد
جنن
ثلك
صرت
قبل
بيم
عرف
قول
بحب
قلت
عاك
جنن",ايمن قميحة,اوسين,2014,negative,أنا مجنونة أنا مجنونة أنا مجنونة بالعالم مافي بجنونك بتغار عليا من عيونك وعدني اني ما بخونك حتي بنظرة عم فكر ضيع خيالي تامشي وتعرفني لحالي ولما بشوفك اقبالي بسرق غمرا انا مجنونة مثلك صرت قبلك انا ما بيوم عرفت قول بحبك لا ما قلت الا معاك انا مجنونة مثلك صرت قبلك انا مابيوم عرفت قول بحبك لا ما قلت الا معاك من صباح اللي سرقت قلبي ضاع ومش ذنبك ذنبي ما تتخيل شو صعبي تكون بعيد وجودك حبيبي بيحييني بينورلي كل سنيني وبحس لما بتحميني خلقت من جديد انا مجنونة مثلك صرت قبلك انا ما بيوم عرفت قول بحبك لا ما قلت الا معاك أنا مجنونة
أنا و بس ,"بدك تعرف لما بشوفك أنا شو بحس
بحس الدنيي كلا ملكي أنا وبس
بشوف القمر حدي
والهوا عا خدي
وإيديك المخدة
وعينيك بحر وشمس
وبطير
وبطير من كتر الفرح لبعيد
وبصير عم برسم معك مواعيد
ويزيد حبك بالقلب بيزيد
وبروح
وبروح عا دنيي ما فيها هموم
فيها سهر فيها قمر ونجوم
وغيوم... فيها بتنمحي الغيوم
أنا كيف بدي خبرك إني
ما بعيش لحظة لو غبت عني
خليك لو حتى زعلت مني
لا تروح
خليك حدي غمرني بدي ياك
بحبك أنا
بحبك أنا وبهواك
إنساك صعبة يا حلو إنساك
لا تروح",https://lyricstranslate.com/en/elissa-ana-w-bas-lyrics.html,"بدك
عرف
بشف
شو
بحس
بحس
دنى
لكى
وبس
بشف
قمر
حدى
هوا
عا
خدى
ويد
خده
وعن
بحر
شمس
بطر
بطر
كتر
فرح
بعد
بصر
عم
رسم
معك
مواعيد
يزد
حبك
قلب
يزد
برح
برح
عا
دنى
همم
سهر
قمر
نجم
غيم
محى
غيم
بدى
خبر
بعش
لحظ
غبت
عنى
خلك
زعل
منى
ترح
خلك
حدى
غمرنى
بدى
ياك
بحب
بحب
بهو
ساك
صعب
حلو
ساك
ترح",احمد ماضى,زياد برجى,2022,negative,"بدك تعرف لما بشوفك أنا شو بحس
بحس الدنيي كلا ملكي أنا وبس
بشوف القمر حدي
والهوا عا خدي
وإيديك المخدة
وعينيك بحر وشمس
وبطير
وبطير من كتر الفرح لبعيد
وبصير عم برسم معك مواعيد
ويزيد حبك بالقلب بيزيد
وبروح
وبروح عا دنيي ما فيها هموم
فيها سهر فيها قمر ونجوم
وغيوم... فيها بتنمحي الغيوم
أنا كيف بدي خبرك إني
ما بعيش لحظة لو غبت عني
خليك لو حتى زعلت مني
لا تروح
خليك حدي غمرني بدي ياك
بحبك أنا
بحبك أنا وبهواك
إنساك صعبة يا حلو إنساك
لا تروح"
أنا و بس ,"بدك تعرف لما بشوفك أنا شو بحس
بحس الدنيي كلا ملكي أنا وبس
بشوف القمر حدي
والهوا عا خدي
وإيديك المخدة
وعينيك بحر وشمس
وبطير
وبطير من كتر الفرح لبعيد
وبصير عم برسم معك مواعيد
ويزيد حبك بالقلب بيزيد
وبروح
وبروح عا دنيي ما فيها هموم
فيها سهر فيها قمر ونجوم
وغيوم... فيها بتنمحي الغيوم
أنا كيف بدي خبرك إني
ما بعيش لحظة لو غبت عني
خليك لو حتى زعلت مني
لا تروح
خليك حدي غمرني بدي ياك
بحبك أنا
بحبك أنا وبهواك
إنساك صعبة يا حلو إنساك
لا تروح",https://lyricstranslate.com/en/elissa-ana-w-bas-lyrics.html,"بدك
عرف
بشف
شو
بحس
بحس
دنى
لكى
وبس
بشف
قمر
حدى
هوا
عا
خدى
ويد
خده
وعن
بحر
شمس
بطر
بطر
كتر
فرح
بعد
بصر
عم
رسم
معك
مواعيد
يزد
حبك
قلب
يزد
برح
برح
عا
دنى
همم
سهر
قمر
نجم
غيم
محى
غيم
بدى
خبر
بعش
لحظ
غبت
عنى
خلك
زعل
منى
ترح
خلك
حدى
غمرنى
بدى
ياك
بحب
بحب
بهو
ساك
صعب
حلو
ساك
ترح",احمد ماضى,زياد برجى,2022,negative,بدك تعرف لما بشوفك أنا شو بحس بحس الدنيي كلا ملكي أنا وبس بشوف القمر حدي والهوا عا خدي وإيديك المخدة وعينيك بحر وشمس وبطير وبطير من كتر الفرح لبعيد وبصير عم برسم معك مواعيد ويزيد حبك بالقلب بيزيد وبروح وبروح عا دنيي ما فيها هموم فيها سهر فيها قمر ونجوم وغيوم فيها بتنمحي الغيوم أنا كيف بدي خبرك إني ما بعيش لحظة لو غبت عني خليك لو حتى زعلت مني لا تروح خليك حدي غمرني بدي ياك بحبك أنا بغرامك أنا وبهواك إنساك صعبة يا حلو إنساك لا تروح
بدي دوب,"بدي دوب
بدي دوب
بدي دوب
عيني عيني عليك
ورموشي حواليك
اسقيني من حبّك
بصرخ لبّيك
مهما لَيلي طال
وزلغط الموّال
بدّي أحساسك
يحملني لَيك
بدّي دوب
قلّي قلّي بجنون
بحُبِّك أنا مجنون
ما بنسى حُبَّك يوم
بدّي دوب
قلّي قلّي بجنون
بحُبِّك أنا مجنون
ما بنسى حُبَّك يوم
يَلَلَلّي قلّي بحبِّك
قلّي قلّي قلّي بحلم
يَلَلَلّي غنّي وصوتَك علّي
غنّي غنّي بِفهَم
لَيلي لَيلي نهار
وعمري كلّو نهار
اغمرني بعيونَك
محّي الأسرار
قلبي قلبي نار
وعم تحرقني النار
بدّي عَ ايدَك
كَفّي المشوار
بدّي دوب
قلّي قلّي بجنون
بحُبِّك أنا مجنون
ما بنسى حُبَّك يوم
دّي دوب
قلّي قلّي بجنون
بحُبِّك أنا مجنون
ما بنسى حُبَّك يوم
يَلَلَلّي قلّي بحبِّك
قلّي قلّي قلّي بحلم
يَلَلَلّي غنّي وصوتَك علّي
غنّي غنّي بِفهَم
يَلَلَلّي قلّي بحبِّك
قلّي قلّي قلّي بحلم
يَلَلَلّي غنّي وصوتَك علّي
غنّي غنّي بِفهَم
يَلَلَلّي قلّي بحبِّك
قلّي قلّي قلّي بحلم
يَلَلَلّي غنّي وصوتَك علّي
غنّي غنّي بِفهَم
يَلَلَلّي قلّي بحبِّك
قلّي قلّي قلّي بحلم
يَلَلَلّي غنّي وصوتَك علّي
غنّي غنّي بِفهَم
بدي دوب",https://lyricstranslate.com/en/elissa-baddy-doub-lyrics.html,"بدى
دوب
بدى
دوب
بدى
دوب
عينى
عينى
رموشى
حلي
قينى
حبك
صرخ
يلى
طال
زلغط
وال
بدى
حسس
حملنى
ليك
بدى
دوب
قلى
قلى
بجن
بحب
مجن
نسى
حبك
يوم
بدى
دوب
قلى
قلى
بجن
بحب
مجن
نسى
حبك
يوم
يلى
قلى
بحب
قلى
قلى
قلى
حلم
يلى
غنى
وصت
غنى
غنى
فهم
يلى
يلى
نهر
عمرى
كلو
نهر
غمرنى
بعو
محى
سرر
قلبى
قلبى
نار
وعم
حرقنى
نار
بدى
ايد
كفى
شور
بدى
دوب
قلى
قلى
بجن
بحب
مجن
نسى
حبك
يوم
دى
دوب
قلى
قلى
بجن
بحب
مجن
نسى
حبك
يوم
يلى
قلى
بحب
قلى
قلى
قلى
حلم
يلى
غنى
وصت
غنى
غنى
فهم
يلى
قلى
بحب
قلى
قلى
قلى
حلم
يلى
غنى
وصت
غنى
غنى
فهم
يلى
قلى
بحب
قلى
قلى
قلى
حلم
يلى
غنى
وصت
غنى
غنى
فهم
يلى
قلى
بحب
قلى
قلى
قلى
حلم
يلى
غنى
وصت
غنى
غنى
فهم
بدى
دوب",الياس ناصر,غوليس,1999,positive,"بدي دوب
بدي دوب
بدي دوب
عيني عيني عليك
ورموشي حواليك
اسقيني من حبّك
بصرخ لبّيك
مهما لَيلي طال
وزلغط الموّال
بدّي أحساسك
يحملني لَيك
بدّي دوب
قلّي قلّي بجنون
بحُبِّك أنا مجنون
ما بنسى حُبَّك يوم
بدّي دوب
قلّي قلّي بجنون
بحُبِّك أنا مجنون
ما بنسى حُبَّك يوم
يَلَلَلّي قلّي بحبِّك
قلّي قلّي قلّي بحلم
يَلَلَلّي غنّي وصوتَك علّي
غنّي غنّي بِفهَم
لَيلي لَيلي نهار
وعمري كلّو نهار
اغمرني بعيونَك
محّي الأسرار
قلبي قلبي نار
وعم تحرقني النار
بدّي عَ ايدَك
كَفّي المشوار
بدّي دوب
قلّي قلّي بجنون
بحُبِّك أنا مجنون
ما بنسى حُبَّك يوم
دّي دوب
قلّي قلّي بجنون
بحُبِّك أنا مجنون
ما بنسى حُبَّك يوم
يَلَلَلّي قلّي بحبِّك
قلّي قلّي قلّي بحلم
يَلَلَلّي غنّي وصوتَك علّي
غنّي غنّي بِفهَم
يَلَلَلّي قلّي بحبِّك
قلّي قلّي قلّي بحلم
يَلَلَلّي غنّي وصوتَك علّي
غنّي غنّي بِفهَم
يَلَلَلّي قلّي بحبِّك
قلّي قلّي قلّي بحلم
يَلَلَلّي غنّي وصوتَك علّي
غنّي غنّي بِفهَم
يَلَلَلّي قلّي بحبِّك
قلّي قلّي قلّي بحلم
يَلَلَلّي غنّي وصوتَك علّي
غنّي غنّي بِفهَم
بدي دوب"
بدي دوب,"بدي دوب
بدي دوب
بدي دوب
عيني عيني عليك
ورموشي حواليك
اسقيني من حبّك
بصرخ لبّيك
مهما لَيلي طال
وزلغط الموّال
بدّي أحساسك
يحملني لَيك
بدّي دوب
قلّي قلّي بجنون
بحُبِّك أنا مجنون
ما بنسى حُبَّك يوم
بدّي دوب
قلّي قلّي بجنون
بحُبِّك أنا مجنون
ما بنسى حُبَّك يوم
يَلَلَلّي قلّي بحبِّك
قلّي قلّي قلّي بحلم
يَلَلَلّي غنّي وصوتَك علّي
غنّي غنّي بِفهَم
لَيلي لَيلي نهار
وعمري كلّو نهار
اغمرني بعيونَك
محّي الأسرار
قلبي قلبي نار
وعم تحرقني النار
بدّي عَ ايدَك
كَفّي المشوار
بدّي دوب
قلّي قلّي بجنون
بحُبِّك أنا مجنون
ما بنسى حُبَّك يوم
دّي دوب
قلّي قلّي بجنون
بحُبِّك أنا مجنون
ما بنسى حُبَّك يوم
يَلَلَلّي قلّي بحبِّك
قلّي قلّي قلّي بحلم
يَلَلَلّي غنّي وصوتَك علّي
غنّي غنّي بِفهَم
يَلَلَلّي قلّي بحبِّك
قلّي قلّي قلّي بحلم
يَلَلَلّي غنّي وصوتَك علّي
غنّي غنّي بِفهَم
يَلَلَلّي قلّي بحبِّك
قلّي قلّي قلّي بحلم
يَلَلَلّي غنّي وصوتَك علّي
غنّي غنّي بِفهَم
يَلَلَلّي قلّي بحبِّك
قلّي قلّي قلّي بحلم
يَلَلَلّي غنّي وصوتَك علّي
غنّي غنّي بِفهَم
بدي دوب",https://lyricstranslate.com/en/elissa-baddy-doub-lyrics.html,"بدى
دوب
بدى
دوب
بدى
دوب
عينى
عينى
رموشى
حلي
قينى
حبك
صرخ
يلى
طال
زلغط
وال
بدى
حسس
حملنى
ليك
بدى
دوب
قلى
قلى
بجن
بحب
مجن
نسى
حبك
يوم
بدى
دوب
قلى
قلى
بجن
بحب
مجن
نسى
حبك
يوم
يلى
قلى
بحب
قلى
قلى
قلى
حلم
يلى
غنى
وصت
غنى
غنى
فهم
يلى
يلى
نهر
عمرى
كلو
نهر
غمرنى
بعو
محى
سرر
قلبى
قلبى
نار
وعم
حرقنى
نار
بدى
ايد
كفى
شور
بدى
دوب
قلى
قلى
بجن
بحب
مجن
نسى
حبك
يوم
دى
دوب
قلى
قلى
بجن
بحب
مجن
نسى
حبك
يوم
يلى
قلى
بحب
قلى
قلى
قلى
حلم
يلى
غنى
وصت
غنى
غنى
فهم
يلى
قلى
بحب
قلى
قلى
قلى
حلم
يلى
غنى
وصت
غنى
غنى
فهم
يلى
قلى
بحب
قلى
قلى
قلى
حلم
يلى
غنى
وصت
غنى
غنى
فهم
يلى
قلى
بحب
قلى
قلى
قلى
حلم
يلى
غنى
وصت
غنى
غنى
فهم
بدى
دوب",الياس ناصر,غوليس,1999,positive,بدي دوب بدي دوب بدي دوب عيني عيني عليك ورموشي حواليك اسقيني من حبك بصرخ لبيك مهما ليلي طال وزلغط الموال بدي أحساسك يحملني ليك بدي دوب قلي قلي بجنون بحبك أنا مجنون ما بنسى حبك يوم بدي دوب قلي قلي بجنون بحبك أنا مجنون ما بنسى حبك يوم يلللي قلي بحبك قلي قلي قلي بحلم يلللي غني وصوتك علي غني غني بفهم ليلي ليلي نهار وعمري كلو نهار اغمرني بعيونك محي الأسرار قلبي قلبي نار وعم تحرقني النار بدي ع ايدك كفي المشوار بدي دوب قلي قلي بجنون بحبك أنا مجنون ما بنسى حبك يوم دي دوب قلي قلي بجنون بحبك أنا مجنون ما بنسى حبك لحظة يلللي قلي بحبك قلي قلي قلي بحلم يلللي غني وصوتك علي غني غني بفهم يلللي قلي بحبك قلي قلي قلي بحلم يلللي غني وصوتك علي غني غني بفهم يلللي قلي بحبك قلي قلي قلي بحلم يلللي غني وصوتك علي غني غني بفهم يلللي قلي بحبك قلي قلي قلي بحلم يلللي غني وصوتك علي غني غني بفهم بدي دوب
بطلى تحبيه,"بطلى تحبيه
بطلى تحبيه
بطلى تحبيه
انسيه متفكريش تانى فيه واشغلى نفسك عنه
باى حاجه بطلى تحبيه
وسيبيه ماترجعيش تانى ليه وان حاول هوا
انتى اوعى تسالى فيه
كلام سهل وبسيط بس مين اللى يعمل بيه
ايوة ده كلام بسيط بس مين اللى يعمل بيه
قلبى معدش هادى ولا بحياته راضى لو كان حب
عادى كان مقدور عليه
في عاشقين يتوبو وفى عاشقين يدوبو وانا
حبيت عيوبه واكتر من ده ايه
بقول لسنينى فوتى بعدو يعنى موتى لو سكتت
صوتى قلبى بيناديه
فاكره كل همسه حاسه بكل لمسه فكره انى
انسى بتفكرنى بية
وارميه بذكريات لياليه وبلاش تلحى عليه
او حتى مره تطلبى تقابليه
ولو ايه اوعى تجرى عليه وامنعى دمعة
عنيكى لو صدفه يوم شوفتيه
بطلى تحبيه",https://lyricstranslate.com/en/elissa-bataly-tehebeeh-lyrics.html,"طلى
حبه
طلى
حبه
طلى
حبه
سيه
متفكريش
تنى
شغلى
نفس
عنه
باى
حجه
طلى
حبه
وسب
ماترجعيش
تنى
ليه
حول
هوا
نتى
وعى
سلى
كلم
سهل
بسط
مين
عمل
بيه
ايه
ده
كلم
بسط
مين
عمل
بيه
قلبى
عدش
هدى
بحا
رضى
حب
عدى
قدر
عشق
وبو
وفى
عشق
دوبو
ونا
حبت
عيب
كتر
ده
بقل
ينى
وتى
عدو
عنى
وتى
سكت
صوتى
قلبى
يند
فكر
همس
حسه
بكل
لمس
فكر
نسى
كرنى
بيه
ورم
ذكر
ليل
بلش
لحى
طلبى
قبل
وعى
جرى
نعى
دمع
عنيكى
صدف
يوم
شوف
طلى
حبه",احمد مرزوق,محمد يحيى,2014,neutral,"بطلى تحبيه
بطلى تحبيه
بطلى تحبيه
انسيه متفكريش تانى فيه واشغلى نفسك عنه
باى حاجه بطلى تحبيه
وسيبيه ماترجعيش تانى ليه وان حاول هوا
انتى اوعى تسالى فيه
كلام سهل وبسيط بس مين اللى يعمل بيه
ايوة ده كلام بسيط بس مين اللى يعمل بيه
قلبى معدش هادى ولا بحياته راضى لو كان حب
عادى كان مقدور عليه
في عاشقين يتوبو وفى عاشقين يدوبو وانا
حبيت عيوبه واكتر من ده ايه
بقول لسنينى فوتى بعدو يعنى موتى لو سكتت
صوتى قلبى بيناديه
فاكره كل همسه حاسه بكل لمسه فكره انى
انسى بتفكرنى بية
وارميه بذكريات لياليه وبلاش تلحى عليه
او حتى مره تطلبى تقابليه
ولو ايه اوعى تجرى عليه وامنعى دمعة
عنيكى لو صدفه يوم شوفتيه
بطلى تحبيه"
بطلى تحبيه,"بطلى تحبيه
بطلى تحبيه
بطلى تحبيه
انسيه متفكريش تانى فيه واشغلى نفسك عنه
باى حاجه بطلى تحبيه
وسيبيه ماترجعيش تانى ليه وان حاول هوا
انتى اوعى تسالى فيه
كلام سهل وبسيط بس مين اللى يعمل بيه
ايوة ده كلام بسيط بس مين اللى يعمل بيه
قلبى معدش هادى ولا بحياته راضى لو كان حب
عادى كان مقدور عليه
في عاشقين يتوبو وفى عاشقين يدوبو وانا
حبيت عيوبه واكتر من ده ايه
بقول لسنينى فوتى بعدو يعنى موتى لو سكتت
صوتى قلبى بيناديه
فاكره كل همسه حاسه بكل لمسه فكره انى
انسى بتفكرنى بية
وارميه بذكريات لياليه وبلاش تلحى عليه
او حتى مره تطلبى تقابليه
ولو ايه اوعى تجرى عليه وامنعى دمعة
عنيكى لو صدفه يوم شوفتيه
بطلى تحبيه",https://lyricstranslate.com/en/elissa-bataly-tehebeeh-lyrics.html,"طلى
حبه
طلى
حبه
طلى
حبه
سيه
متفكريش
تنى
شغلى
نفس
عنه
باى
حجه
طلى
حبه
وسب
ماترجعيش
تنى
ليه
حول
هوا
نتى
وعى
سلى
كلم
سهل
بسط
مين
عمل
بيه
ايه
ده
كلم
بسط
مين
عمل
بيه
قلبى
عدش
هدى
بحا
رضى
حب
عدى
قدر
عشق
وبو
وفى
عشق
دوبو
ونا
حبت
عيب
كتر
ده
بقل
ينى
وتى
عدو
عنى
وتى
سكت
صوتى
قلبى
يند
فكر
همس
حسه
بكل
لمس
فكر
نسى
كرنى
بيه
ورم
ذكر
ليل
بلش
لحى
طلبى
قبل
وعى
جرى
نعى
دمع
عنيكى
صدف
يوم
شوف
طلى
حبه",احمد مرزوق,محمد يحيى,2014,neutral,بطلى تحبيه بطلى تحبيه بطلى تحبيه انسيه متفكريش تانى فيه واشغلى نفسك عنه باى حاجه بطلى تحبيه وسيبيه ماترجعيش تانى ليه وان حاول هوا انتى اوعى تسالى فيه كلام سهل وبسيط بس مين اللى يعمل بيه ايوة ده كلام بسيط بس مين اللى يعمل بيه قلبى معدش هادى ولا بحياته راضى لو كان حب عادى كان مقدور عليه في عاشقين يتوبو وفى عاشقين يدوبو وانا حبيت عيوبه واكتر من ده ايه بقول لسنينى فوتى بعدو يعنى موتى لو سكتت صوتى قلبى بيناديه فاكره كل همسه حاسه بكل لمسه فكره انى انسى بتفكرنى بية وارميه بذكريات لياليه وبلاش تلحى عليه او حتى مره تطلبى تقابليه ولو ايه اوعى تجرى عليه وامنعى دمعة عنيكى لو صدفه وقت شوفتيه بطلى تحبيه
بين قلبي وقلبك ,"بين قلبي وقلبك
بين قلبي وقلبك
بين قلبي وقلبك
بين قلبي وقلبك إحساس مابيتقالش كلام
بين روحي وروحك حب يريح أي آلام
أنا وإنت عشان نبقي لبعض إستنينا كتير
وهايفضل حبك في حياتي جوايا كبير
كل الحب اللي عاشوا وقالوا الناس عليه
أكتر منهم يا عمري معاك عشت فيه
وبكل روحي وياك أنا نهار وليل
دانتا الحب اللي تتعاش الدنيا دي بيه
أنا بيك بستقوي بحبك ليا على الأحزان
وف حضنك أو لو شوفتك بلقى الدنيا أمان
يا مالكني بحبك إنت ف قلبي بكل الناس
ومحدش غيرك علمني معني الإحساس
أحمد الجندي
بين قلبي وقلبك",https://lyricstranslate.com/en/elissa-ben-albi-w-albak-lyrics.html,"قلبى
قلب
قلبى
قلب
قلبى
قلب
قلبى
قلب
حسس
مابيتقالش
كلم
روحى
ورح
حب
يرح
الم
ونت
عشن
بقى
بعض
سني
كتر
هايفضل
حبك
حيتى
جوا
كبر
لحب
عاش
وقل
ناس
كتر
نهم
عمرى
عاك
عشت
بكل
روحى
ويك
نهر
ولل
دنت
لحب
تعش
دنا
دى
بيه
بيك
تقى
بحب
ليا
احز
وف
حضن
شوف
لقى
دنا
امن
مالكنى
بحب
قلبى
بكل
ناس
حدش
غير
علمنى
عنى
حسس
حمد
جندى
قلبى
قلب",احمد الجندى,مدين,2018,negative,"بين قلبي وقلبك
بين قلبي وقلبك
بين قلبي وقلبك
بين قلبي وقلبك إحساس مابيتقالش كلام
بين روحي وروحك حب يريح أي آلام
أنا وإنت عشان نبقي لبعض إستنينا كتير
وهايفضل حبك في حياتي جوايا كبير
كل الحب اللي عاشوا وقالوا الناس عليه
أكتر منهم يا عمري معاك عشت فيه
وبكل روحي وياك أنا نهار وليل
دانتا الحب اللي تتعاش الدنيا دي بيه
أنا بيك بستقوي بحبك ليا على الأحزان
وف حضنك أو لو شوفتك بلقى الدنيا أمان
يا مالكني بحبك إنت ف قلبي بكل الناس
ومحدش غيرك علمني معني الإحساس
أحمد الجندي
بين قلبي وقلبك"
بين قلبي وقلبك ,"بين قلبي وقلبك
بين قلبي وقلبك
بين قلبي وقلبك
بين قلبي وقلبك إحساس مابيتقالش كلام
بين روحي وروحك حب يريح أي آلام
أنا وإنت عشان نبقي لبعض إستنينا كتير
وهايفضل حبك في حياتي جوايا كبير
كل الحب اللي عاشوا وقالوا الناس عليه
أكتر منهم يا عمري معاك عشت فيه
وبكل روحي وياك أنا نهار وليل
دانتا الحب اللي تتعاش الدنيا دي بيه
أنا بيك بستقوي بحبك ليا على الأحزان
وف حضنك أو لو شوفتك بلقى الدنيا أمان
يا مالكني بحبك إنت ف قلبي بكل الناس
ومحدش غيرك علمني معني الإحساس
أحمد الجندي
بين قلبي وقلبك",https://lyricstranslate.com/en/elissa-ben-albi-w-albak-lyrics.html,"قلبى
قلب
قلبى
قلب
قلبى
قلب
قلبى
قلب
حسس
مابيتقالش
كلم
روحى
ورح
حب
يرح
الم
ونت
عشن
بقى
بعض
سني
كتر
هايفضل
حبك
حيتى
جوا
كبر
لحب
عاش
وقل
ناس
كتر
نهم
عمرى
عاك
عشت
بكل
روحى
ويك
نهر
ولل
دنت
لحب
تعش
دنا
دى
بيه
بيك
تقى
بحب
ليا
احز
وف
حضن
شوف
لقى
دنا
امن
مالكنى
بحب
قلبى
بكل
ناس
حدش
غير
علمنى
عنى
حسس
حمد
جندى
قلبى
قلب",احمد الجندى,مدين,2018,negative,بين قلبي وقلبك بين قلبي وقلبك بين قلبي وقلبك بين قلبي وقلبك إحساس مابيتقالش كلام بين روحي وروحك وله يريح أي آلام أنا وإنت عشان نبقي لبعض إستنينا كتير وهايفضل حبك في حياتي جوايا كبير كل الحب اللي عاشوا وقالوا الناس عليه أكتر منهم يا عمري معاك عشت فيه وبكل روحي وياك أنا نهار وليل دانتا الحب اللي تتعاش الدنيا دي بيه أنا بيك بستقوي بمودتك ليا على الأحزان وف حضنك أو لو شوفتك بلقى الدنيا أمان يا مالكني بحبك إنت ف قلبي بكل الناس ومحدش غيرك علمني معني الإحساس أحمد الجندي بين قلبي وقلبك
حب كل حياتي Kol,"حب كل حياتي
حب كل حياتي
حب كل حياتي
حب كل حياتي لقيته وقلبي خلاص اختار
واخيرا فرحة عمري بعيشها انا ليل ونهار
وانت جنبي لأول مرة بحس براحة بال
واللي نفسي اقوله عليك غير اي كلام يتقال
كل غالي يهون يا حبيي فداك
ويهمني ايه غير اني معاك
ايه معني الدنيا دي غير وياك
كل ليلة بتتعاش جنبك بالنسبة لي خيال
جوه مني غلاوتك دايما قلبي على ده الحال
انت أول حب واخر حب هعيش وياه
واللي بيني وبينك احساس اكبر من معناه
كل غالي يهون يا حبيي فداك
ويهمني ايه غير اني معاك
ايه معني الدنيا دي غير وياك
حب كل حياتي",https://lyricstranslate.com/en/elissa-hob-kol-7yaty-lyrics.html,"حب
حيتى
حب
حيتى
حب
حيتى
حب
حيتى
لقت
قلبى
خلص
خار
اخر
فرح
عمرى
بعش
ليل
نهر
ونت
جنبى
لول
بحس
برح
بال
ولى
فسى
اقل
كلم
تقل
غلى
يهن
حبى
فدك
همنى
عاك
عنى
دنا
دى
ويك
ليل
تعش
جنب
نسب
خيل
جوه
منى
غلو
داي
قلبى
ده
حال
حب
وخر
حب
هعش
ويه
ولى
ينى
وبن
حسس
كبر
عنه
غلى
يهن
حبى
فدك
همنى
عاك
عنى
دنا
دى
ويك
حب
حيتى",احمد الجندى,مدين,2014,negative,"حب كل حياتي
حب كل حياتي
حب كل حياتي
حب كل حياتي لقيته وقلبي خلاص اختار
واخيرا فرحة عمري بعيشها انا ليل ونهار
وانت جنبي لأول مرة بحس براحة بال
واللي نفسي اقوله عليك غير اي كلام يتقال
كل غالي يهون يا حبيي فداك
ويهمني ايه غير اني معاك
ايه معني الدنيا دي غير وياك
كل ليلة بتتعاش جنبك بالنسبة لي خيال
جوه مني غلاوتك دايما قلبي على ده الحال
انت أول حب واخر حب هعيش وياه
واللي بيني وبينك احساس اكبر من معناه
كل غالي يهون يا حبيي فداك
ويهمني ايه غير اني معاك
ايه معني الدنيا دي غير وياك
حب كل حياتي"
حب كل حياتي Kol,"حب كل حياتي
حب كل حياتي
حب كل حياتي
حب كل حياتي لقيته وقلبي خلاص اختار
واخيرا فرحة عمري بعيشها انا ليل ونهار
وانت جنبي لأول مرة بحس براحة بال
واللي نفسي اقوله عليك غير اي كلام يتقال
كل غالي يهون يا حبيي فداك
ويهمني ايه غير اني معاك
ايه معني الدنيا دي غير وياك
كل ليلة بتتعاش جنبك بالنسبة لي خيال
جوه مني غلاوتك دايما قلبي على ده الحال
انت أول حب واخر حب هعيش وياه
واللي بيني وبينك احساس اكبر من معناه
كل غالي يهون يا حبيي فداك
ويهمني ايه غير اني معاك
ايه معني الدنيا دي غير وياك
حب كل حياتي",https://lyricstranslate.com/en/elissa-hob-kol-7yaty-lyrics.html,"حب
حيتى
حب
حيتى
حب
حيتى
حب
حيتى
لقت
قلبى
خلص
خار
اخر
فرح
عمرى
بعش
ليل
نهر
ونت
جنبى
لول
بحس
برح
بال
ولى
فسى
اقل
كلم
تقل
غلى
يهن
حبى
فدك
همنى
عاك
عنى
دنا
دى
ويك
ليل
تعش
جنب
نسب
خيل
جوه
منى
غلو
داي
قلبى
ده
حال
حب
وخر
حب
هعش
ويه
ولى
ينى
وبن
حسس
كبر
عنه
غلى
يهن
حبى
فدك
همنى
عاك
عنى
دنا
دى
ويك
حب
حيتى",احمد الجندى,مدين,2014,negative,حب كل حياتي حب كل حياتي حب كل حياتي حب كل حياتي لقيته وقلبي خلاص اختار واخيرا فرحة عمري بعيشها انا ليل ونهار وانت جنبي لأول مرة بحس براحة بال واللي نفسي اقوله عليك غير اي كلام يتقال كل غالي يهون يا حبيي فداك ويهمني ايه غير اني معاك ايه معني الدنيا دي غير وياك كل ليلة بتتعاش جنبك بالنسبة لي خيال جوه مني غلاوتك دايما قلبي على هذا الحال انت أول حب واخر وله هعيش وياه واللي بيني وبينك احساس اكبر من معناه كل غالي يهون يا حبيي فداك ويهمني ايه غير اني معاك ايه معني الدنيا دي غير وياك مودة كل حياتي
حكايتي معك,"حكايتي معك
حكايتي معك
حكايتي معك
في أول الحكايات حكايتي معك
بقالي زمان واخدني هواك
و جوة في قلبي ليك أيام ما بتتنسيش
و آخر الحكايات حكايتي معك
خلاص حبيت و أنا اتحبيت و عايشة معك
كأني أول مرة أعيـش
احلف بايه أول ما دق القلب دق القلب ليك
احلف بايه أول ما قلت احب كانت بين اديك
أيامي قبلك تسوى ايه و حياتي بعدك أعيشها ليه
حكايتنا لو يا حبيبي حلم يا ريت تسبني عايشة فيه
في أول الحكايات حكايتي معك
بقالي زمان واخدني هواك و جوة في قلبي ليك أيام ما بتتنسيش
حكايتي معك",https://lyricstranslate.com/en/elissa-hikayti-maak-lyrics.html,"حكايتى
معك
حكايتى
معك
حكايتى
معك
حكي
حكايتى
معك
قلى
زمن
خدنى
هوك
جوه
قلبى
ليك
ايم
نسش
اخر
حكي
حكايتى
معك
خلص
حبت
تحب
عيش
معك
كنى
عيـش
حلف
بيه
دق
قلب
دق
قلب
ليك
حلف
بيه
قلت
احب
ادك
يمى
قبل
تسى
حيتى
بعد
اعش
ليه
حكي
حبيبى
حلم
ريت
بنى
عيش
حكي
حكايتى
معك
قلى
زمن
خدنى
هوك
جوه
قلبى
ليك
ايم
نسش
حكايتى
معك",نادر عبدالله,تامر عاشور,2006,positive,"حكايتي معك
حكايتي معك
حكايتي معك
في أول الحكايات حكايتي معك
بقالي زمان واخدني هواك
و جوة في قلبي ليك أيام ما بتتنسيش
و آخر الحكايات حكايتي معك
خلاص حبيت و أنا اتحبيت و عايشة معك
كأني أول مرة أعيـش
احلف بايه أول ما دق القلب دق القلب ليك
احلف بايه أول ما قلت احب كانت بين اديك
أيامي قبلك تسوى ايه و حياتي بعدك أعيشها ليه
حكايتنا لو يا حبيبي حلم يا ريت تسبني عايشة فيه
في أول الحكايات حكايتي معك
بقالي زمان واخدني هواك و جوة في قلبي ليك أيام ما بتتنسيش
حكايتي معك"
حكايتي معك,"حكايتي معك
حكايتي معك
حكايتي معك
في أول الحكايات حكايتي معك
بقالي زمان واخدني هواك
و جوة في قلبي ليك أيام ما بتتنسيش
و آخر الحكايات حكايتي معك
خلاص حبيت و أنا اتحبيت و عايشة معك
كأني أول مرة أعيـش
احلف بايه أول ما دق القلب دق القلب ليك
احلف بايه أول ما قلت احب كانت بين اديك
أيامي قبلك تسوى ايه و حياتي بعدك أعيشها ليه
حكايتنا لو يا حبيبي حلم يا ريت تسبني عايشة فيه
في أول الحكايات حكايتي معك
بقالي زمان واخدني هواك و جوة في قلبي ليك أيام ما بتتنسيش
حكايتي معك",https://lyricstranslate.com/en/elissa-hikayti-maak-lyrics.html,"حكايتى
معك
حكايتى
معك
حكايتى
معك
حكي
حكايتى
معك
قلى
زمن
خدنى
هوك
جوه
قلبى
ليك
ايم
نسش
اخر
حكي
حكايتى
معك
خلص
حبت
تحب
عيش
معك
كنى
عيـش
حلف
بيه
دق
قلب
دق
قلب
ليك
حلف
بيه
قلت
احب
ادك
يمى
قبل
تسى
حيتى
بعد
اعش
ليه
حكي
حبيبى
حلم
ريت
بنى
عيش
حكي
حكايتى
معك
قلى
زمن
خدنى
هوك
جوه
قلبى
ليك
ايم
نسش
حكايتى
معك",نادر عبدالله,تامر عاشور,2006,positive,حكايتي معك حكايتي معك حكايتي معك في أول الحكايات حكايتي معك بقالي زمان واخدني هواك و جوة في قلبي ليك أيام ما بتتنسيش و آخر الحكايات حكايتي معك خلاص حبيت و أنا اتحبيت و عايشة معك كأني أول فترة أعيـش احلف بايه أول ما دق القلب دق القلب ليك احلف بايه أول ما قلت احب كانت بين اديك أيامي قبلك تسوى ايه و حياتي بعدك أعيشها ليه حكايتنا لو يا حبيبي حلم يا ريت تسبني عايشة فيه في أول الحكايات حكايتي معك بقالي زمان واخدني هواك و جوة في قلبي ليك أيام ما بتتنسيش حكايتي معك
رمشة عین,"رمشة عین
رمشة عین
رمشة عین
قللي كيف برمشه عين
حن الليل وصار يطول
صارت عين تقابل عين
عينك تسال عيني تقول
قللي كيف برمشه عين
قللي كيف برمشه عين
حن الليل وصار يطول
قللي كيف برمشه عين
حن الليل وصار يطول
صارت عين تقابل عين
عينك تسال عيني تقول
قللي كيف برمشه عين
قللي كيف برمشه عين
حن الليل وصار يطول
ومن مين قللي سارق حلا العيون
ما بقول لا مابقول
صارحني يامجنون
ومين قللي مش من حلا انسان
بدي الحلا يحكي ويروي قلب عطشان
ناديني
فزعانه
ودفيني
بردانه
ودفي قلبي منك آه و آه من قلبي اللي مال وقال
ناديني
فزعانه
ودفيني
بردانه
ودفي قلبي منك آه و آه من قلبي اللي مال وقال
قللي كيف برمشه عين
حن الليل وصار يطول
صارت عين تقابل عين
عينك تسال عيني تقول
قللي كيف برمشه عين
قللي كيف برمشه عين
حن الليل وصار يطول
قللي كيف برمشه عين
حن الليل وصار يطول
صارت عين تقابل عين
عينك تسال عيني تقول
قللي كيف برمشه عين
قللي كيف برمشه عين
حن الليل وصار يطول
ومن مين قللي سارق حلا العيون
ما بقول لا مابقول
صارحني يامجنون
ومين قللي مش من حلا انسان
بدي الحلا يحكي ويروي قلب عطشان
ناديني
فزعانه
ودفيني
بردانه
ودفي قلبي منك آه و آه من قلبي اللي مال وقال
ناديني
فزعانه
ودفيني
بردانه
ودفي قلبي منك آه و آه من قلبي اللي مال وقال
ناديني
فزعانه
ودفيني
بردانه
ودفي قلبي منك آه و آه من قلبي اللي مال وقال
ناديني
فزعانه
ودفيني
بردانه
ودفي قلبي منك آه و آه من قلبي اللي مال وقال
ناديني
فزعانه
ودفيني
بردانه
ودفي قلبي منك آه و آه من قلبي اللي مال وقال
ناديني
فزعانه
رمشة عین",https://lyricstranslate.com/en/elissa-ramchet-ayn-lyrics.html,"رمش
عین
رمش
عین
رمش
عین
قلى
رمش
حن
الل
وصر
يطل
صرت
قبل
عين
تسل
عينى
تقل
قلى
رمش
قلى
رمش
حن
الل
وصر
يطل
قلى
رمش
حن
الل
وصر
يطل
صرت
قبل
عين
تسل
عينى
تقل
قلى
رمش
قلى
رمش
حن
الل
وصر
يطل
مين
قلى
سرق
حلا
عين
بقل
مابقول
صارحنى
يمج
ومن
قلى
مش
حلا
انس
بدى
حلا
حكى
يرى
قلب
عطش
دينى
فزع
دفينى
برد
دفى
قلبى
منك
قلبى
مال
وقل
دينى
فزع
دفينى
برد
دفى
قلبى
منك
قلبى
مال
وقل
قلى
رمش
حن
الل
وصر
يطل
صرت
قبل
عين
تسل
عينى
تقل
قلى
رمش
قلى
رمش
حن
الل
وصر
يطل
قلى
رمش
حن
الل
وصر
يطل
صرت
قبل
عين
تسل
عينى
تقل
قلى
رمش
قلى
رمش
حن
الل
وصر
يطل
مين
قلى
سرق
حلا
عين
بقل
مابقول
صارحنى
يمج
ومن
قلى
مش
حلا
انس
بدى
حلا
حكى
يرى
قلب
عطش
دينى
فزع
دفينى
برد
دفى
قلبى
منك
قلبى
مال
وقل
دينى
فزع
دفينى
برد
دفى
قلبى
منك
قلبى
مال
وقل
دينى
فزع
دفينى
برد
دفى
قلبى
منك
قلبى
مال
وقل
دينى
فزع
دفينى
برد
دفى
قلبى
منك
قلبى
مال
وقل
دينى
فزع
دفينى
برد
دفى
قلبى
منك
قلبى
مال
وقل
دينى
فزع
رمش
عین",الياس ناصر,جورج كرم,2000,positive,"رمشة عین
رمشة عین
رمشة عین
قللي كيف برمشه عين
حن الليل وصار يطول
صارت عين تقابل عين
عينك تسال عيني تقول
قللي كيف برمشه عين
قللي كيف برمشه عين
حن الليل وصار يطول
قللي كيف برمشه عين
حن الليل وصار يطول
صارت عين تقابل عين
عينك تسال عيني تقول
قللي كيف برمشه عين
قللي كيف برمشه عين
حن الليل وصار يطول
ومن مين قللي سارق حلا العيون
ما بقول لا مابقول
صارحني يامجنون
ومين قللي مش من حلا انسان
بدي الحلا يحكي ويروي قلب عطشان
ناديني
فزعانه
ودفيني
بردانه
ودفي قلبي منك آه و آه من قلبي اللي مال وقال
ناديني
فزعانه
ودفيني
بردانه
ودفي قلبي منك آه و آه من قلبي اللي مال وقال
قللي كيف برمشه عين
حن الليل وصار يطول
صارت عين تقابل عين
عينك تسال عيني تقول
قللي كيف برمشه عين
قللي كيف برمشه عين
حن الليل وصار يطول
قللي كيف برمشه عين
حن الليل وصار يطول
صارت عين تقابل عين
عينك تسال عيني تقول
قللي كيف برمشه عين
قللي كيف برمشه عين
حن الليل وصار يطول
ومن مين قللي سارق حلا العيون
ما بقول لا مابقول
صارحني يامجنون
ومين قللي مش من حلا انسان
بدي الحلا يحكي ويروي قلب عطشان
ناديني
فزعانه
ودفيني
بردانه
ودفي قلبي منك آه و آه من قلبي اللي مال وقال
ناديني
فزعانه
ودفيني
بردانه
ودفي قلبي منك آه و آه من قلبي اللي مال وقال
ناديني
فزعانه
ودفيني
بردانه
ودفي قلبي منك آه و آه من قلبي اللي مال وقال
ناديني
فزعانه
ودفيني
بردانه
ودفي قلبي منك آه و آه من قلبي اللي مال وقال
ناديني
فزعانه
ودفيني
بردانه
ودفي قلبي منك آه و آه من قلبي اللي مال وقال
ناديني
فزعانه
رمشة عین"
رمشة عین,"رمشة عین
رمشة عین
رمشة عین
قللي كيف برمشه عين
حن الليل وصار يطول
صارت عين تقابل عين
عينك تسال عيني تقول
قللي كيف برمشه عين
قللي كيف برمشه عين
حن الليل وصار يطول
قللي كيف برمشه عين
حن الليل وصار يطول
صارت عين تقابل عين
عينك تسال عيني تقول
قللي كيف برمشه عين
قللي كيف برمشه عين
حن الليل وصار يطول
ومن مين قللي سارق حلا العيون
ما بقول لا مابقول
صارحني يامجنون
ومين قللي مش من حلا انسان
بدي الحلا يحكي ويروي قلب عطشان
ناديني
فزعانه
ودفيني
بردانه
ودفي قلبي منك آه و آه من قلبي اللي مال وقال
ناديني
فزعانه
ودفيني
بردانه
ودفي قلبي منك آه و آه من قلبي اللي مال وقال
قللي كيف برمشه عين
حن الليل وصار يطول
صارت عين تقابل عين
عينك تسال عيني تقول
قللي كيف برمشه عين
قللي كيف برمشه عين
حن الليل وصار يطول
قللي كيف برمشه عين
حن الليل وصار يطول
صارت عين تقابل عين
عينك تسال عيني تقول
قللي كيف برمشه عين
قللي كيف برمشه عين
حن الليل وصار يطول
ومن مين قللي سارق حلا العيون
ما بقول لا مابقول
صارحني يامجنون
ومين قللي مش من حلا انسان
بدي الحلا يحكي ويروي قلب عطشان
ناديني
فزعانه
ودفيني
بردانه
ودفي قلبي منك آه و آه من قلبي اللي مال وقال
ناديني
فزعانه
ودفيني
بردانه
ودفي قلبي منك آه و آه من قلبي اللي مال وقال
ناديني
فزعانه
ودفيني
بردانه
ودفي قلبي منك آه و آه من قلبي اللي مال وقال
ناديني
فزعانه
ودفيني
بردانه
ودفي قلبي منك آه و آه من قلبي اللي مال وقال
ناديني
فزعانه
ودفيني
بردانه
ودفي قلبي منك آه و آه من قلبي اللي مال وقال
ناديني
فزعانه
رمشة عین",https://lyricstranslate.com/en/elissa-ramchet-ayn-lyrics.html,"رمش
عین
رمش
عین
رمش
عین
قلى
رمش
حن
الل
وصر
يطل
صرت
قبل
عين
تسل
عينى
تقل
قلى
رمش
قلى
رمش
حن
الل
وصر
يطل
قلى
رمش
حن
الل
وصر
يطل
صرت
قبل
عين
تسل
عينى
تقل
قلى
رمش
قلى
رمش
حن
الل
وصر
يطل
مين
قلى
سرق
حلا
عين
بقل
مابقول
صارحنى
يمج
ومن
قلى
مش
حلا
انس
بدى
حلا
حكى
يرى
قلب
عطش
دينى
فزع
دفينى
برد
دفى
قلبى
منك
قلبى
مال
وقل
دينى
فزع
دفينى
برد
دفى
قلبى
منك
قلبى
مال
وقل
قلى
رمش
حن
الل
وصر
يطل
صرت
قبل
عين
تسل
عينى
تقل
قلى
رمش
قلى
رمش
حن
الل
وصر
يطل
قلى
رمش
حن
الل
وصر
يطل
صرت
قبل
عين
تسل
عينى
تقل
قلى
رمش
قلى
رمش
حن
الل
وصر
يطل
مين
قلى
سرق
حلا
عين
بقل
مابقول
صارحنى
يمج
ومن
قلى
مش
حلا
انس
بدى
حلا
حكى
يرى
قلب
عطش
دينى
فزع
دفينى
برد
دفى
قلبى
منك
قلبى
مال
وقل
دينى
فزع
دفينى
برد
دفى
قلبى
منك
قلبى
مال
وقل
دينى
فزع
دفينى
برد
دفى
قلبى
منك
قلبى
مال
وقل
دينى
فزع
دفينى
برد
دفى
قلبى
منك
قلبى
مال
وقل
دينى
فزع
دفينى
برد
دفى
قلبى
منك
قلبى
مال
وقل
دينى
فزع
رمش
عین",الياس ناصر,جورج كرم,2000,positive,رمشة عین رمشة عین رمشة عین قللي كيف برمشه عين حن الليل وصار يطول صارت عين تقابل عين عينك تسال عيني تقول قللي كيف برمشه عين قللي كيف برمشه عين حن الليل وصار يطول قللي كيف برمشه عين حن الليل وصار يطول صارت عين تقابل عين عينك تسال عيني تقول قللي كيف برمشه عين قللي كيف برمشه عين حن الليل وصار يطول ومن مين قللي سارق حلا العيون ما بقول لا مابقول صارحني يامجنون ومين قللي مش من حلا انسان بدي الحلا يحكي ويروي قلب عطشان ناديني فزعانه ودفيني بردانه ودفي قلبي منك آه و آه من قلبي اللي مال وقال ناديني فزعانه ودفيني بردانه ودفي قلبي منك آه و آه من قلبي اللي مال وقال قللي كيف برمشه عين حن الليل وصار يطول صارت رؤية تقابل عين عينك تسال عيني تقول قللي كيف برمشه عين قللي كيف برمشه عين حن الليل وصار يطول قللي كيف برمشه عين حن الليل وصار يطول صارت عين تقابل عين عينك تسال عيني تقول قللي كيف برمشه عين قللي كيف برمشه عين حن الليل وصار يطول ومن مين قللي سارق حلا العيون ما بقول لا مابقول صارحني يامجنون ومين قللي مش من حلا انسان بدي الحلا يحكي ويروي قلب عطشان ناديني فزعانه ودفيني بردانه ودفي قلبي منك آه و آه من قلبي اللي مال وقال ناديني فزعانه ودفيني بردانه ودفي قلبي منك آه و آه من قلبي اللي مال وقال ناديني فزعانه ودفيني بردانه ودفي قلبي منك آه و آه من قلبي اللي مال وقال ناديني فزعانه ودفيني بردانه ودفي قلبي منك آه و آه من قلبي اللي مال وقال ناديني فزعانه ودفيني بردانه ودفي قلبي منك آه و آه من قلبي اللي مال وقال ناديني فزعانه رمشة عین
شلتك من قلبي ,"شلتك من قلبي
شلتك من قلبي
شلتك من قلبي
يا ليل هالعمر عم يسرقنا
و انا الي بخاف من ناره تحرقنا و تفرقنا
معقول تنساني بالمرة
و انت ع طول ببالي عن حالي اسئلني مرة
ما بحبك لا انسى يللي كان
ما عندك لا بقلبي اي مكان
شلتك من قلبي و افكاري
ما تسئلني عن اخباري
انا و لا مرة بقربك انا
عرفت الامان
شلتك من قلبي و افكاري
ما تسئلني عن اخباري
انا و لا مرة بقربك انا
عرفت الامان
يا ليل هالعمر عم يسرقنا
و انا الي بخاف من ناره تحرقنا و تفرقنا
معقول تنساني بالمرة
و انت ع طول ببالي عن حالي اسئلني مرة
ما بحبك لا انسى يللي كان
ما عندك لا بقلبي اي مكان
شلتك من قلبي و افكاري
ما تسئلني عن اخباري
انا و لا مرة بقربك انا
عرفت الامان
شلتك من قلبي و افكاري
ما تسئلني عن اخباري
انا و لا مرة بقربك انا
عرفت الامان
شلتك من قلبي",https://lyricstranslate.com/en/elissa-shiltak-min-albi-lyrics.html,"شلت
قلبى
شلت
قلبى
شلت
قلبى
ليل
هالعمر
عم
سرق
بخف
نره
حرق
فرق
عقل
سنى
مره
طول
بلى
حلى
ئلنى
بحب
نسى
يلى
عند
قلبى
كان
شلت
قلبى
كرى
ئلنى
خبرى
قرب
عرف
امن
شلت
قلبى
كرى
ئلنى
خبرى
قرب
عرف
امن
ليل
هالعمر
عم
سرق
بخف
نره
حرق
فرق
عقل
سنى
مره
طول
بلى
حلى
ئلنى
بحب
نسى
يلى
عند
قلبى
كان
شلت
قلبى
كرى
ئلنى
خبرى
قرب
عرف
امن
شلت
قلبى
كرى
ئلنى
خبرى
قرب
عرف
امن
شلت
قلبى",نبيل ابو عبدو,جيرار فيرير,2005,positive,"شلتك من قلبي
شلتك من قلبي
شلتك من قلبي
يا ليل هالعمر عم يسرقنا
و انا الي بخاف من ناره تحرقنا و تفرقنا
معقول تنساني بالمرة
و انت ع طول ببالي عن حالي اسئلني مرة
ما بحبك لا انسى يللي كان
ما عندك لا بقلبي اي مكان
شلتك من قلبي و افكاري
ما تسئلني عن اخباري
انا و لا مرة بقربك انا
عرفت الامان
شلتك من قلبي و افكاري
ما تسئلني عن اخباري
انا و لا مرة بقربك انا
عرفت الامان
يا ليل هالعمر عم يسرقنا
و انا الي بخاف من ناره تحرقنا و تفرقنا
معقول تنساني بالمرة
و انت ع طول ببالي عن حالي اسئلني مرة
ما بحبك لا انسى يللي كان
ما عندك لا بقلبي اي مكان
شلتك من قلبي و افكاري
ما تسئلني عن اخباري
انا و لا مرة بقربك انا
عرفت الامان
شلتك من قلبي و افكاري
ما تسئلني عن اخباري
انا و لا مرة بقربك انا
عرفت الامان
شلتك من قلبي"
شلتك من قلبي ,"شلتك من قلبي
شلتك من قلبي
شلتك من قلبي
يا ليل هالعمر عم يسرقنا
و انا الي بخاف من ناره تحرقنا و تفرقنا
معقول تنساني بالمرة
و انت ع طول ببالي عن حالي اسئلني مرة
ما بحبك لا انسى يللي كان
ما عندك لا بقلبي اي مكان
شلتك من قلبي و افكاري
ما تسئلني عن اخباري
انا و لا مرة بقربك انا
عرفت الامان
شلتك من قلبي و افكاري
ما تسئلني عن اخباري
انا و لا مرة بقربك انا
عرفت الامان
يا ليل هالعمر عم يسرقنا
و انا الي بخاف من ناره تحرقنا و تفرقنا
معقول تنساني بالمرة
و انت ع طول ببالي عن حالي اسئلني مرة
ما بحبك لا انسى يللي كان
ما عندك لا بقلبي اي مكان
شلتك من قلبي و افكاري
ما تسئلني عن اخباري
انا و لا مرة بقربك انا
عرفت الامان
شلتك من قلبي و افكاري
ما تسئلني عن اخباري
انا و لا مرة بقربك انا
عرفت الامان
شلتك من قلبي",https://lyricstranslate.com/en/elissa-shiltak-min-albi-lyrics.html,"شلت
قلبى
شلت
قلبى
شلت
قلبى
ليل
هالعمر
عم
سرق
بخف
نره
حرق
فرق
عقل
سنى
مره
طول
بلى
حلى
ئلنى
بحب
نسى
يلى
عند
قلبى
كان
شلت
قلبى
كرى
ئلنى
خبرى
قرب
عرف
امن
شلت
قلبى
كرى
ئلنى
خبرى
قرب
عرف
امن
ليل
هالعمر
عم
سرق
بخف
نره
حرق
فرق
عقل
سنى
مره
طول
بلى
حلى
ئلنى
بحب
نسى
يلى
عند
قلبى
كان
شلت
قلبى
كرى
ئلنى
خبرى
قرب
عرف
امن
شلت
قلبى
كرى
ئلنى
خبرى
قرب
عرف
امن
شلت
قلبى",نبيل ابو عبدو,جيرار فيرير,2005,positive,شلتك من قلبي شلتك من قلبي شلتك من قلبي يا ليل هالعمر عم يسرقنا و انا الي بخاف من ناره تحرقنا و تفرقنا معقول تنساني بالمرة و انت ع طول ببالي عن حالي اسئلني مرة ما بحبك لا انسى يللي كان ما عندك لا بقلبي اي مكان شلتك من قلبي و افكاري ما تسئلني عن اخباري انا و لا مرة بقربك انا عرفت الامان شلتك من قلبي و افكاري ما تسئلني عن اخباري انا و لا مرة بقربك انا عرفت الامان يا ليل هالعمر عم يسرقنا و انا الي بخاف من ناره تحرقنا و تفرقنا معقول تنساني بالمرة و انت ع طول ببالي عن حالي اسئلني مرحلة ما بحبك لا انسى يللي كان ما عندك لا بقلبي اي مكان شلتك من قلبي و افكاري ما تسئلني عن اخباري انا و لا مرة بقربك انا عرفت الامان شلتك من قلبي و افكاري ما تسئلني عن اخباري انا و لا مرة بقربك انا عرفت الامان شلتك من قلبي
شو الحل ,"شو الحل
كيف تنسى الهوا وتروح
والقلب مجروح وآآآآآآآه منك آه اخدت الروح
قول عني ليش صرت بعيد عني بعيد
شو غيرك يا حبيبي بخاف
بخاف أسألك
انت حبيبي بس وحدك بس
وانا لغيرك لا انا ما بحن
لا ما بظن ابدا غيرك شي مرة حب
وانا قلبي بعدك ما بحياتوا دق
ابدا لا لو بظل حدي ظل معي بتبقى
وما تفل شو الحل ما يشوفك حدا
شو الحل
لا مش انت يللي كنت تقول رح نبقى سوا
وبتحميني من غدر الهوا
انت حبيبي بس وحدك بس
وانا لغيرك لا انا ما بحن
لا ما بظن ابدا غيرك شي مرة حب
وانا قلبي بعدك ما بحياتوا دق
ابدا لا لو بظل حدي ظل معي بتبقى
وما تفل شو الحل ما يشوفك حدا
شو الحل",https://lyricstranslate.com/en/elissa-shou-al-hal-lyrics.html,"شو
لحل
نسى
هوا
ترح
قلب
جرح
واه
منك
اخد
روح
قول
عنى
ليش
صرت
بعد
عنى
بعد
شو
غير
حبيبى
بخف
بخف
سلك
حبيبى
وحد
ونا
لغر
بحن
بظن
غير
شى
حب
ونا
قلبى
بعد
بحا
دق
بظل
حدى
معى
بقى
تفل
شو
لحل
يشف
حدا
شو
لحل
مش
يلى
كنت
تقل
رح
بقى
سوا
وبتحمينى
غدر
هوا
حبيبى
وحد
ونا
لغر
بحن
بظن
غير
شى
حب
ونا
قلبى
بعد
بحا
دق
بظل
حدى
معى
بقى
تفل
شو
لحل
يشف
حدا
شو
لحل",نبيل ابو عبدو,تركان,2002,neutral,"شو الحل
كيف تنسى الهوا وتروح
والقلب مجروح وآآآآآآآه منك آه اخدت الروح
قول عني ليش صرت بعيد عني بعيد
شو غيرك يا حبيبي بخاف
بخاف أسألك
انت حبيبي بس وحدك بس
وانا لغيرك لا انا ما بحن
لا ما بظن ابدا غيرك شي مرة حب
وانا قلبي بعدك ما بحياتوا دق
ابدا لا لو بظل حدي ظل معي بتبقى
وما تفل شو الحل ما يشوفك حدا
شو الحل
لا مش انت يللي كنت تقول رح نبقى سوا
وبتحميني من غدر الهوا
انت حبيبي بس وحدك بس
وانا لغيرك لا انا ما بحن
لا ما بظن ابدا غيرك شي مرة حب
وانا قلبي بعدك ما بحياتوا دق
ابدا لا لو بظل حدي ظل معي بتبقى
وما تفل شو الحل ما يشوفك حدا
شو الحل"
شو الحل ,"شو الحل
كيف تنسى الهوا وتروح
والقلب مجروح وآآآآآآآه منك آه اخدت الروح
قول عني ليش صرت بعيد عني بعيد
شو غيرك يا حبيبي بخاف
بخاف أسألك
انت حبيبي بس وحدك بس
وانا لغيرك لا انا ما بحن
لا ما بظن ابدا غيرك شي مرة حب
وانا قلبي بعدك ما بحياتوا دق
ابدا لا لو بظل حدي ظل معي بتبقى
وما تفل شو الحل ما يشوفك حدا
شو الحل
لا مش انت يللي كنت تقول رح نبقى سوا
وبتحميني من غدر الهوا
انت حبيبي بس وحدك بس
وانا لغيرك لا انا ما بحن
لا ما بظن ابدا غيرك شي مرة حب
وانا قلبي بعدك ما بحياتوا دق
ابدا لا لو بظل حدي ظل معي بتبقى
وما تفل شو الحل ما يشوفك حدا
شو الحل",https://lyricstranslate.com/en/elissa-shou-al-hal-lyrics.html,"شو
لحل
نسى
هوا
ترح
قلب
جرح
واه
منك
اخد
روح
قول
عنى
ليش
صرت
بعد
عنى
بعد
شو
غير
حبيبى
بخف
بخف
سلك
حبيبى
وحد
ونا
لغر
بحن
بظن
غير
شى
حب
ونا
قلبى
بعد
بحا
دق
بظل
حدى
معى
بقى
تفل
شو
لحل
يشف
حدا
شو
لحل
مش
يلى
كنت
تقل
رح
بقى
سوا
وبتحمينى
غدر
هوا
حبيبى
وحد
ونا
لغر
بحن
بظن
غير
شى
حب
ونا
قلبى
بعد
بحا
دق
بظل
حدى
معى
بقى
تفل
شو
لحل
يشف
حدا
شو
لحل",نبيل ابو عبدو,تركان,2002,neutral,شو الحل كيف تنسى الهوا وتروح والقلب مجروح وآآآآآآآه منك آه اخدت الروح قول عني ليش صرت بعيد عني بعيد شو غيرك يا غاليي بخاف بخاف أسألك انت حبيبي بس وحدك بس وانا لغيرك لا انا ما بحن لا ما بظن ابدا غيرك شي مرة غرام وانا قلبي بعدك ما بحياتوا دق ابدا لا لو بظل حدي ظل معي بتبقى وما تفل شو الحل ما يشوفك حدا شو الحل لا مش انت يللي كنت تقول رح نبقى سوا وبتحميني من غدر الهوا انت حبيبي بس وحدك بس وانا لغيرك لا انا ما بحن لا ما بظن ابدا غيرك شي مرة حب وانا قلبي بعدك ما بحياتوا دق ابدا لا لو بظل حدي ظل معي بتبقى وما تفل شو الحل ما يشوفك حدا شو الحل
صاحبة رأي,"صاحبة رأي
صاحبة رأي
صاحبة رأي
أنا صاحبة رأي وعايشة حياتي في وجهة نظري
ما بقولش كلام من ورا قلبي مش مؤمنة بيه
وأبويا علمني ما خفش ودايما أواجه قدري
وما دام على حق ما خفش دا مبدأ عايشة عليه
أنا واضحة وضوح الشمس في عز الضهر وفي عز الصيف
أيامي ساعات من فصل ربيع تقلب على فصل خريف
لكن لوني واحد مش بمشي بألوان الطيف
وفي ناس بتشوفني قوية وناس بتشوفني حد ضعيف
أنا حاجة من كل حاجة... أنا حالة برا التصنيف
وأهم نقاط قوتي محافظة على قلب نضيف
في مواقفي الصعبة أنا اتحديت اليأس بأملي
ما بحبش أسقف للغلطان ولساني صريح
وما حدش كاسر عيني الناس تشهدلي بعملي
من صغري بكافح ما اتهزتش قصاد الريح
صاحبة رأي",https://lyricstranslate.com/en/elissa-%D8%B5%D8%A7%D8%AD%D8%A8%D8%A9-%D8%B1%D8%A3%D9%8A-lyrics.html,"صحب
صحب
صحب
صحب
عيش
حيتى
وجه
ظرى
قولش
كلم
ورا
قلبى
مش
ؤمن
بيه
وبو
علمنى
خفش
ودي
وجه
قدرى
دام
حق
خفش
دا
بدا
عيش
وضح
وضح
شمس
عز
ضهر
وفى
عز
صيف
يمى
ساع
فصل
ربع
قلب
فصل
خرف
ونى
مش
مشى
وان
طيف
وفى
ناس
شوفنى
قوه
ونس
شوفنى
حد
ضعف
حجه
حجه
حله
برا
صنف
وهم
نقط
قوتى
حفظ
قلب
نضف
مواقفى
صعب
تحد
ياس
ملى
حبش
سقف
غلط
سنى
صرح
حدش
كسر
عينى
ناس
شهدلى
عملى
صغرى
كفح
هزتش
قصد
ريح
صحب",اسامه مصطفى,سامر ابو طالب,2020,positive,"صاحبة رأي
صاحبة رأي
صاحبة رأي
أنا صاحبة رأي وعايشة حياتي في وجهة نظري
ما بقولش كلام من ورا قلبي مش مؤمنة بيه
وأبويا علمني ما خفش ودايما أواجه قدري
وما دام على حق ما خفش دا مبدأ عايشة عليه
أنا واضحة وضوح الشمس في عز الضهر وفي عز الصيف
أيامي ساعات من فصل ربيع تقلب على فصل خريف
لكن لوني واحد مش بمشي بألوان الطيف
وفي ناس بتشوفني قوية وناس بتشوفني حد ضعيف
أنا حاجة من كل حاجة... أنا حالة برا التصنيف
وأهم نقاط قوتي محافظة على قلب نضيف
في مواقفي الصعبة أنا اتحديت اليأس بأملي
ما بحبش أسقف للغلطان ولساني صريح
وما حدش كاسر عيني الناس تشهدلي بعملي
من صغري بكافح ما اتهزتش قصاد الريح
صاحبة رأي"
صاحبة رأي,"صاحبة رأي
صاحبة رأي
صاحبة رأي
أنا صاحبة رأي وعايشة حياتي في وجهة نظري
ما بقولش كلام من ورا قلبي مش مؤمنة بيه
وأبويا علمني ما خفش ودايما أواجه قدري
وما دام على حق ما خفش دا مبدأ عايشة عليه
أنا واضحة وضوح الشمس في عز الضهر وفي عز الصيف
أيامي ساعات من فصل ربيع تقلب على فصل خريف
لكن لوني واحد مش بمشي بألوان الطيف
وفي ناس بتشوفني قوية وناس بتشوفني حد ضعيف
أنا حاجة من كل حاجة... أنا حالة برا التصنيف
وأهم نقاط قوتي محافظة على قلب نضيف
في مواقفي الصعبة أنا اتحديت اليأس بأملي
ما بحبش أسقف للغلطان ولساني صريح
وما حدش كاسر عيني الناس تشهدلي بعملي
من صغري بكافح ما اتهزتش قصاد الريح
صاحبة رأي",https://lyricstranslate.com/en/elissa-%D8%B5%D8%A7%D8%AD%D8%A8%D8%A9-%D8%B1%D8%A3%D9%8A-lyrics.html,"صحب
صحب
صحب
صحب
عيش
حيتى
وجه
ظرى
قولش
كلم
ورا
قلبى
مش
ؤمن
بيه
وبو
علمنى
خفش
ودي
وجه
قدرى
دام
حق
خفش
دا
بدا
عيش
وضح
وضح
شمس
عز
ضهر
وفى
عز
صيف
يمى
ساع
فصل
ربع
قلب
فصل
خرف
ونى
مش
مشى
وان
طيف
وفى
ناس
شوفنى
قوه
ونس
شوفنى
حد
ضعف
حجه
حجه
حله
برا
صنف
وهم
نقط
قوتى
حفظ
قلب
نضف
مواقفى
صعب
تحد
ياس
ملى
حبش
سقف
غلط
سنى
صرح
حدش
كسر
عينى
ناس
شهدلى
عملى
صغرى
كفح
هزتش
قصد
ريح
صحب",اسامه مصطفى,سامر ابو طالب,2020,positive,صاحبة رأي صاحبة رأي صاحبة رأي أنا صاحبة رأي وعايشة حياتي في وجهة نظري ما بقولش كلام من ورا قلبي مش مؤمنة بيه وأبويا علمني ما خفش ودايما أواجه قدري وما دام على حق ما خفش دا مبدأ عايشة عليه أنا واضحة وضوح الشمس في عز الضهر وفي عز الصيف أيامي ساعات من فصل ربيع تقلب على فصل خريف لكن لوني واحد مش بمشي بألوان الطيف وفي ناس بتشوفني قوية وناس بتشوفني حد ضعيف نفسي حاجة من كل حاجة أنا حالة برا التصنيف وأهم نقاط قوتي محافظة على قلب نضيف في مواقفي الصعبة أنا اتحديت اليأس بأملي ما بحبش أسقف للغلطان ولساني صريح وما حدش كاسر عيني الناس تشهدلي بعملي من صغري بكافح ما اتهزتش قصاد الريح صاحبة رأي
عمري ابتدا,"عمري ابتدا
عمري ابتدا
عمري ابتدا
عمرى ابتدا لما قلبي لقاك
و اتمني أكمِّل حياتي معاك
هتكون حبيبي هنا أو هناك
هتفضل عينيا تشوفك ملاك
احنا الليلادي هننسى اللي فات
والماضي كله هنعتبره مات
ده الحب بينّا يتقال في حكايات
و نعمل بإحساسنا بيه معجزات
فين هلاقي تاني
حبيب مشاعره مطمناني
يا حبيبي ده انت في الدنيا جيت
علشان قلبك يبقى عشاني
عمري ما هبعد و أسيبك وحيد
أو يبقي عن قلبي قلبك بعيد
هنعيش حياتنا بإحساس جديد
عشان تبقي دايماً معايا سعيد
فين هلاقي تاني
حبيب مشاعره مطمناني
يا حبيبي ده انت في الدنيا جيت
علشان قلبك يبقى عشاني
عمرى ابتدا لما قلبي لقاك
و اتمني أكمِّل حياتي معاك
هتكون حبيبي هنا أو هناك
هتفضل عينيا تشوفك ملاك
عمري ابتدا",https://lyricstranslate.com/en/elissa-omry-ebtada-lyrics.html,"عمرى
عمرى
عمرى
عمرى
قلبى
لقك
منى
كمل
حيتى
عاك
هتك
حبيبى
هتفضل
عين
تشف
لاك
احن
لدى
هنسى
فات
اضى
كله
هنعتبر
مات
ده
لحب
بين
تقل
حكي
عمل
حسس
بيه
عجز
فين
هلقى
تنى
شعر
مطمنانى
حبيبى
ده
دنا
جيت
علش
قلب
بقى
عشنى
عمرى
هبعد
اسب
وحد
بقى
قلبى
قلب
بعد
هنعيش
حيت
حسس
جدد
عشن
بقى
داي
معا
سعد
فين
هلقى
تنى
شعر
مطمنانى
حبيبى
ده
دنا
جيت
علش
قلب
بقى
عشنى
عمرى
قلبى
لقك
منى
كمل
حيتى
عاك
هتك
حبيبى
هتفضل
عين
تشف
لاك
عمرى",احمد الجندى,مدين,2016,negative,"عمري ابتدا
عمري ابتدا
عمري ابتدا
عمرى ابتدا لما قلبي لقاك
و اتمني أكمِّل حياتي معاك
هتكون حبيبي هنا أو هناك
هتفضل عينيا تشوفك ملاك
احنا الليلادي هننسى اللي فات
والماضي كله هنعتبره مات
ده الحب بينّا يتقال في حكايات
و نعمل بإحساسنا بيه معجزات
فين هلاقي تاني
حبيب مشاعره مطمناني
يا حبيبي ده انت في الدنيا جيت
علشان قلبك يبقى عشاني
عمري ما هبعد و أسيبك وحيد
أو يبقي عن قلبي قلبك بعيد
هنعيش حياتنا بإحساس جديد
عشان تبقي دايماً معايا سعيد
فين هلاقي تاني
حبيب مشاعره مطمناني
يا حبيبي ده انت في الدنيا جيت
علشان قلبك يبقى عشاني
عمرى ابتدا لما قلبي لقاك
و اتمني أكمِّل حياتي معاك
هتكون حبيبي هنا أو هناك
هتفضل عينيا تشوفك ملاك
عمري ابتدا"
عمري ابتدا,"عمري ابتدا
عمري ابتدا
عمري ابتدا
عمرى ابتدا لما قلبي لقاك
و اتمني أكمِّل حياتي معاك
هتكون حبيبي هنا أو هناك
هتفضل عينيا تشوفك ملاك
احنا الليلادي هننسى اللي فات
والماضي كله هنعتبره مات
ده الحب بينّا يتقال في حكايات
و نعمل بإحساسنا بيه معجزات
فين هلاقي تاني
حبيب مشاعره مطمناني
يا حبيبي ده انت في الدنيا جيت
علشان قلبك يبقى عشاني
عمري ما هبعد و أسيبك وحيد
أو يبقي عن قلبي قلبك بعيد
هنعيش حياتنا بإحساس جديد
عشان تبقي دايماً معايا سعيد
فين هلاقي تاني
حبيب مشاعره مطمناني
يا حبيبي ده انت في الدنيا جيت
علشان قلبك يبقى عشاني
عمرى ابتدا لما قلبي لقاك
و اتمني أكمِّل حياتي معاك
هتكون حبيبي هنا أو هناك
هتفضل عينيا تشوفك ملاك
عمري ابتدا",https://lyricstranslate.com/en/elissa-omry-ebtada-lyrics.html,"عمرى
عمرى
عمرى
عمرى
قلبى
لقك
منى
كمل
حيتى
عاك
هتك
حبيبى
هتفضل
عين
تشف
لاك
احن
لدى
هنسى
فات
اضى
كله
هنعتبر
مات
ده
لحب
بين
تقل
حكي
عمل
حسس
بيه
عجز
فين
هلقى
تنى
شعر
مطمنانى
حبيبى
ده
دنا
جيت
علش
قلب
بقى
عشنى
عمرى
هبعد
اسب
وحد
بقى
قلبى
قلب
بعد
هنعيش
حيت
حسس
جدد
عشن
بقى
داي
معا
سعد
فين
هلقى
تنى
شعر
مطمنانى
حبيبى
ده
دنا
جيت
علش
قلب
بقى
عشنى
عمرى
قلبى
لقك
منى
كمل
حيتى
عاك
هتك
حبيبى
هتفضل
عين
تشف
لاك
عمرى",احمد الجندى,مدين,2016,negative,عمري ابتدا عمري ابتدا عمري ابتدا عمرى ابتدا لما قلبي لقاك و اتمني أكمل حياتي معاك هتكون حبيبي هنا أو هناك هتفضل عينيا تشوفك ملاك احنا الليلادي هننسى اللي فات والماضي كله هنعتبره مات ده الحب بينا يتقال في حكايات و نعمل بإحساسنا بيه معجزات فين هلاقي تاني غالي مشاعره مطمناني يا حبيبي ده انت في الدنيا جيت علشان قلبك يبقى عشاني عمري ما هبعد و أسيبك وحيد أو يبقي عن قلبي قلبك بعيد هنعيش حياتنا بإحساس جديد عشان تبقي دايما معايا سعيد فين هلاقي تاني حبيب مشاعره مطمناني يا حبيبي ده انت في الدنيا جيت علشان قلبك يبقى عشاني عمرى ابتدا لما قلبي لقاك و اتمني أكمل حياتي معاك هتكون حبيبي هنا أو هناك هتفضل عينيا تشوفك ملاك عمري ابتدا
قد ما بشتقلك,"قد ما بشتقلك
قد ما بشتقلك
قد ما بشتقلك
يوم ما قابلت عينيك
قلبي اتعلق فيك
وروحي لاقيتها معاك
بتحلم بيك
يوم ما قابلت عينيك
قلبي اتعلق فيك
وروحي لاقيتها معاك
بتحلم بيك
قد ما بشتقلك واتمناك
إحساسي إن انا عايشه في هواك
وسنين من عمري تفوت وياك
ولا عمري نسيتك يوم
دايماً إحساسي معاك بيزيد
طول مانا جنبك يا حبيبي أكيد
عمرك ما تحس إن انت وحيد
من قلبي بقول حبيت
عشت سنين وايام
جوة القلب غرام
شوقي إليك يا حبيبي
ولا بينام
قد ما بشتقلك واتمناك
إحساسي إن انا عايشه في هواك
وسنين من عمري تفوت وياك
ولا عمري نسيتك يوم
دايماً إحساسي معاك بيزيد
طول مانا جنبك يا حبيبي أكيد
عمرك ما تحس إن انت واحيد
من قلبي بقول حبيت
قد ما بشتقلك واتمناك
إحساسي إن انا عايشه في هواك
وسنين من عمري تفوت وياك
ولا عمري نسيتك يوم
دايماً إحساسي معاك بيزيد
طول مانا جنبك يا حبيبي أكيد
عمرك ما تحس إن انت وحيد
من قلبي بقول حبيت
قد ما بشتقلك",https://lyricstranslate.com/en/elissa-ad-ma-bishta2lak-lyrics.html,"شتقل
شتقل
شتقل
يوم
قبل
عين
قلبى
علق
فيك
روحى
لقي
عاك
حلم
بيك
يوم
قبل
عين
قلبى
علق
فيك
روحى
لقي
عاك
حلم
بيك
شتقل
وتم
حسسى
عيش
هوك
وسن
عمرى
تفت
ويك
عمرى
نست
يوم
داي
حسسى
عاك
يزد
طول
انا
جنب
حبيبى
اكد
عمر
تحس
وحد
قلبى
بقل
حبت
عشت
سنن
ايم
جوه
قلب
غرم
شوقى
حبيبى
ينم
شتقل
وتم
حسسى
عيش
هوك
وسن
عمرى
تفت
ويك
عمرى
نست
يوم
داي
حسسى
عاك
يزد
طول
انا
جنب
حبيبى
اكد
عمر
تحس
احد
قلبى
بقل
حبت
شتقل
وتم
حسسى
عيش
هوك
وسن
عمرى
تفت
ويك
عمرى
نست
يوم
داي
حسسى
عاك
يزد
طول
انا
جنب
حبيبى
اكد
عمر
تحس
وحد
قلبى
بقل
حبت
شتقل",محمد رفاعى,حسام حبيب,2004,negative,"قد ما بشتقلك
قد ما بشتقلك
قد ما بشتقلك
يوم ما قابلت عينيك
قلبي اتعلق فيك
وروحي لاقيتها معاك
بتحلم بيك
يوم ما قابلت عينيك
قلبي اتعلق فيك
وروحي لاقيتها معاك
بتحلم بيك
قد ما بشتقلك واتمناك
إحساسي إن انا عايشه في هواك
وسنين من عمري تفوت وياك
ولا عمري نسيتك يوم
دايماً إحساسي معاك بيزيد
طول مانا جنبك يا حبيبي أكيد
عمرك ما تحس إن انت وحيد
من قلبي بقول حبيت
عشت سنين وايام
جوة القلب غرام
شوقي إليك يا حبيبي
ولا بينام
قد ما بشتقلك واتمناك
إحساسي إن انا عايشه في هواك
وسنين من عمري تفوت وياك
ولا عمري نسيتك يوم
دايماً إحساسي معاك بيزيد
طول مانا جنبك يا حبيبي أكيد
عمرك ما تحس إن انت واحيد
من قلبي بقول حبيت
قد ما بشتقلك واتمناك
إحساسي إن انا عايشه في هواك
وسنين من عمري تفوت وياك
ولا عمري نسيتك يوم
دايماً إحساسي معاك بيزيد
طول مانا جنبك يا حبيبي أكيد
عمرك ما تحس إن انت وحيد
من قلبي بقول حبيت
قد ما بشتقلك"
قد ما بشتقلك,"قد ما بشتقلك
قد ما بشتقلك
قد ما بشتقلك
يوم ما قابلت عينيك
قلبي اتعلق فيك
وروحي لاقيتها معاك
بتحلم بيك
يوم ما قابلت عينيك
قلبي اتعلق فيك
وروحي لاقيتها معاك
بتحلم بيك
قد ما بشتقلك واتمناك
إحساسي إن انا عايشه في هواك
وسنين من عمري تفوت وياك
ولا عمري نسيتك يوم
دايماً إحساسي معاك بيزيد
طول مانا جنبك يا حبيبي أكيد
عمرك ما تحس إن انت وحيد
من قلبي بقول حبيت
عشت سنين وايام
جوة القلب غرام
شوقي إليك يا حبيبي
ولا بينام
قد ما بشتقلك واتمناك
إحساسي إن انا عايشه في هواك
وسنين من عمري تفوت وياك
ولا عمري نسيتك يوم
دايماً إحساسي معاك بيزيد
طول مانا جنبك يا حبيبي أكيد
عمرك ما تحس إن انت واحيد
من قلبي بقول حبيت
قد ما بشتقلك واتمناك
إحساسي إن انا عايشه في هواك
وسنين من عمري تفوت وياك
ولا عمري نسيتك يوم
دايماً إحساسي معاك بيزيد
طول مانا جنبك يا حبيبي أكيد
عمرك ما تحس إن انت وحيد
من قلبي بقول حبيت
قد ما بشتقلك",https://lyricstranslate.com/en/elissa-ad-ma-bishta2lak-lyrics.html,"شتقل
شتقل
شتقل
يوم
قبل
عين
قلبى
علق
فيك
روحى
لقي
عاك
حلم
بيك
يوم
قبل
عين
قلبى
علق
فيك
روحى
لقي
عاك
حلم
بيك
شتقل
وتم
حسسى
عيش
هوك
وسن
عمرى
تفت
ويك
عمرى
نست
يوم
داي
حسسى
عاك
يزد
طول
انا
جنب
حبيبى
اكد
عمر
تحس
وحد
قلبى
بقل
حبت
عشت
سنن
ايم
جوه
قلب
غرم
شوقى
حبيبى
ينم
شتقل
وتم
حسسى
عيش
هوك
وسن
عمرى
تفت
ويك
عمرى
نست
يوم
داي
حسسى
عاك
يزد
طول
انا
جنب
حبيبى
اكد
عمر
تحس
احد
قلبى
بقل
حبت
شتقل
وتم
حسسى
عيش
هوك
وسن
عمرى
تفت
ويك
عمرى
نست
يوم
داي
حسسى
عاك
يزد
طول
انا
جنب
حبيبى
اكد
عمر
تحس
وحد
قلبى
بقل
حبت
شتقل",محمد رفاعى,حسام حبيب,2004,negative,قد ما بشتقلك قد ما بشتقلك قد ما بشتقلك يوم ما قابلت عينيك قلبي اتعلق فيك وروحي لاقيتها معاك بتحلم بيك يوم ما قابلت عينيك فؤادي اتعلق فيك وروحي لاقيتها معاك بتحلم بيك قد ما بشتقلك واتمناك إحساسي إن انا عايشه في هواك وسنين من عمري تفوت وياك ولا عمري نسيتك يوم دايما إحساسي معاك بيزيد طول مانا جنبك يا حبيبي أكيد عمرك ما تحس إن انت وحيد من قلبي بقول حبيت عشت سنين وايام جوة القلب غرام شوقي إليك يا حبيبي ولا بينام قد ما بشتقلك واتمناك إحساسي إن انا عايشه في هواك وسنين من عمري تفوت وياك ولا عمري نسيتك يوم دايما إحساسي معاك بيزيد طول مانا جنبك يا حبيبي أكيد عمرك ما تحس إن انت واحيد من قلبي بقول حبيت قد ما بشتقلك واتمناك إحساسي إن انا عايشه في هواك وسنين من عمري تفوت وياك ولا عمري نسيتك يوم دايما إحساسي معاك بيزيد طول مانا جنبك يا حبيبي أكيد عمرك ما تحس إن انت وحيد من قلبي بقول حبيت قد ما بشتقلك
قلب و روح ,"قلب و روح
قلب و روح
قلب و روح
بردان؟ حضني دفا بيكون
يا عيوني بحبك أنا بجنون
بالشمس ضلك متل الفي
بالعتمة عيوني لعينك ضي
حياتي كلِا كِلا خلقت ليك
حبيبي خلقنا قلب وروح
فراقن منّو شي مسموح
متل الشجرة مع ضلّا
مافيني كفي عمري بلاك
ياريت لو نخلق من جديد
تا إبدأ حِبّك من جديد
شو هالحنية يا الله
قوام إنسان بقلب ملاك
خليك حدي ومعي خليك
ع ايديّ بتغفى وبوعّيك
ياريت لو بسرقك م الكل
وبقلبي بخبيك وما تفل
رجعتني طفلة بعدا بتمسك دَيك
قلب و روح",https://lyricstranslate.com/en/elissa-alb-w-rouh-lyrics.html,"قلب
روح
قلب
روح
قلب
روح
برد
حضنى
دفا
بيك
عيونى
بحب
بجن
شمس
ضلك
متل
عتم
عيونى
لعن
ضى
حيتى
خلق
ليك
حبيبى
خلق
قلب
ورح
فرق
منو
شى
سمح
متل
شجر
ضلا
مافينى
كفى
عمرى
بلك
يري
خلق
جدد
تا
حبك
جدد
شو
هلح
اله
قوم
انس
قلب
لاك
خلك
حدى
معى
خلك
يدى
غفى
وبع
يري
سرق
لكل
قلبى
بخب
تفل
رجعتنى
طفل
تمس
ديك
قلب
روح",اسامه مصطفى,سامر ابو طالب,2016,negative,"قلب و روح
قلب و روح
قلب و روح
بردان؟ حضني دفا بيكون
يا عيوني بحبك أنا بجنون
بالشمس ضلك متل الفي
بالعتمة عيوني لعينك ضي
حياتي كلِا كِلا خلقت ليك
حبيبي خلقنا قلب وروح
فراقن منّو شي مسموح
متل الشجرة مع ضلّا
مافيني كفي عمري بلاك
ياريت لو نخلق من جديد
تا إبدأ حِبّك من جديد
شو هالحنية يا الله
قوام إنسان بقلب ملاك
خليك حدي ومعي خليك
ع ايديّ بتغفى وبوعّيك
ياريت لو بسرقك م الكل
وبقلبي بخبيك وما تفل
رجعتني طفلة بعدا بتمسك دَيك
قلب و روح"
قلب و روح ,"قلب و روح
قلب و روح
قلب و روح
بردان؟ حضني دفا بيكون
يا عيوني بحبك أنا بجنون
بالشمس ضلك متل الفي
بالعتمة عيوني لعينك ضي
حياتي كلِا كِلا خلقت ليك
حبيبي خلقنا قلب وروح
فراقن منّو شي مسموح
متل الشجرة مع ضلّا
مافيني كفي عمري بلاك
ياريت لو نخلق من جديد
تا إبدأ حِبّك من جديد
شو هالحنية يا الله
قوام إنسان بقلب ملاك
خليك حدي ومعي خليك
ع ايديّ بتغفى وبوعّيك
ياريت لو بسرقك م الكل
وبقلبي بخبيك وما تفل
رجعتني طفلة بعدا بتمسك دَيك
قلب و روح",https://lyricstranslate.com/en/elissa-alb-w-rouh-lyrics.html,"قلب
روح
قلب
روح
قلب
روح
برد
حضنى
دفا
بيك
عيونى
بحب
بجن
شمس
ضلك
متل
عتم
عيونى
لعن
ضى
حيتى
خلق
ليك
حبيبى
خلق
قلب
ورح
فرق
منو
شى
سمح
متل
شجر
ضلا
مافينى
كفى
عمرى
بلك
يري
خلق
جدد
تا
حبك
جدد
شو
هلح
اله
قوم
انس
قلب
لاك
خلك
حدى
معى
خلك
يدى
غفى
وبع
يري
سرق
لكل
قلبى
بخب
تفل
رجعتنى
طفل
تمس
ديك
قلب
روح",اسامه مصطفى,سامر ابو طالب,2016,negative,قلب و روح قلب و روح قلب و روح بردان حضني دفا بيكون يا عيوني بحبك أنا بجنون بالشمس ضلك متل الفي بالعتمة عيوني لعينك ضي حياتي كلا كلا خلقت ليك حبيبي خلقنا صدر وروح فراقن منو شي مسموح متل الشجرة مع ضلا مافيني كفي عمري بلاك ياريت لو نخلق من جديد تا إبدأ حبك من جديد شو هالحنية يا الله قوام إنسان بقلب ملاك خليك حدي ومعي خليك ع ايدي بتغفى وبوعيك ياريت لو بسرقك م الكل وبقلبي بخبيك وما تفل رجعتني طفلة بعدا بتمسك ديك قلب و روح
كلمة حب,"كلمة حب, لمسة ايد, باقة ورد وندى
صرت بقلبي وحيد ما في غيرك حدا
عمري قبلك اكيد كلّو وهم و صدى
وانكتب لي عمر جديد لمّا حبّك ابتدى
قول, وعّي قلبي بهمساتك قول
قول, بحبّك حتى لما يجنّوا كلماتك
كلمة حب, لمست ايد, باقة ورد وندى
صرت بقلبي وحيد ما في غيرك حدا
عمري قبلك اكيد كلّو وهم و صدى
وانكتب لي عمر جديد لمّا حبّك ابتدى
قول, بسمة تغيّر حياتي قول
عيش بقلبي و روحي و صوتي و كل غنّياتي",https://lyricstranslate.com/en/elissa-kelmat-hob-lyrics.html,"كلم
حب
لمس
ايد
بقه
ندى
صرت
قلبى
وحد
غير
حدا
عمرى
قبل
اكد
كلو
وهم
صدى
كتب
عمر
جدد
حبك
بدى
قول
وعى
قلبى
همس
قول
قول
بحب
يجن
كلم
كلم
حب
لمس
ايد
بقه
ندى
صرت
قلبى
وحد
غير
حدا
عمرى
قبل
اكد
كلو
وهم
صدى
كتب
عمر
جدد
حبك
بدى
قول
بسم
تغر
حيتى
قول
عيش
قلبى
روحى
صوتى
غنياتى",نزار فرنسىس,ناصر الاسعد,2002,negative,"كلمة حب, لمسة ايد, باقة ورد وندى
صرت بقلبي وحيد ما في غيرك حدا
عمري قبلك اكيد كلّو وهم و صدى
وانكتب لي عمر جديد لمّا حبّك ابتدى
قول, وعّي قلبي بهمساتك قول
قول, بحبّك حتى لما يجنّوا كلماتك
كلمة حب, لمست ايد, باقة ورد وندى
صرت بقلبي وحيد ما في غيرك حدا
عمري قبلك اكيد كلّو وهم و صدى
وانكتب لي عمر جديد لمّا حبّك ابتدى
قول, بسمة تغيّر حياتي قول
عيش بقلبي و روحي و صوتي و كل غنّياتي"
كلمة حب,"كلمة حب, لمسة ايد, باقة ورد وندى
صرت بقلبي وحيد ما في غيرك حدا
عمري قبلك اكيد كلّو وهم و صدى
وانكتب لي عمر جديد لمّا حبّك ابتدى
قول, وعّي قلبي بهمساتك قول
قول, بحبّك حتى لما يجنّوا كلماتك
كلمة حب, لمست ايد, باقة ورد وندى
صرت بقلبي وحيد ما في غيرك حدا
عمري قبلك اكيد كلّو وهم و صدى
وانكتب لي عمر جديد لمّا حبّك ابتدى
قول, بسمة تغيّر حياتي قول
عيش بقلبي و روحي و صوتي و كل غنّياتي",https://lyricstranslate.com/en/elissa-kelmat-hob-lyrics.html,"كلم
حب
لمس
ايد
بقه
ندى
صرت
قلبى
وحد
غير
حدا
عمرى
قبل
اكد
كلو
وهم
صدى
كتب
عمر
جدد
حبك
بدى
قول
وعى
قلبى
همس
قول
قول
بحب
يجن
كلم
كلم
حب
لمس
ايد
بقه
ندى
صرت
قلبى
وحد
غير
حدا
عمرى
قبل
اكد
كلو
وهم
صدى
كتب
عمر
جدد
حبك
بدى
قول
بسم
تغر
حيتى
قول
عيش
قلبى
روحى
صوتى
غنياتى",نزار فرنسىس,ناصر الاسعد,2002,negative,كلمة حب لمسة ايد باقة ورد وندى صرت بقلبي وحيد ما في غيرك حدا عمري قبلك اكيد كلو وهم و صدى وانكتب لي زمن جديد لما حبك ابتدى قول وعي قلبي بهمساتك قول قول بحبك حتى لما يجنوا كلماتك كلمة حب لمست ايد باقة ورد وندى صرت بقلبي وحيد ما في غيرك حدا عمري قبلك اكيد كلو وهم و صدى وانكتب لي حياة جديد لما حبك ابتدى قول بسمة تغير حياتي قول عيش بقلبي و روحي و صوتي و كل غنياتي
لو اتقابلنا,"لو اتقابلنا
لو اتقابلنا
لو اتقابلنا
لو اتقابلنا مره واحده استحاله هنفترق
احساسنا بيقول اننا لو شفنا بعض هنتفق
ده احنا لسه متقابلناش واتقابلنا
امال بقي هيحصل ايه لو اتقابلنا
ده احنا لسه ما اتقابلناش واتقابلنا
امال بقي هيحصل ايه لو اتقابلنا
لو حد فينا حب حاجه التاني عمره ما حبها
لو سالنا التاني تاني هنلاقيه بيحبها
مش علشان ميختلفش ولا خايف
لا عشان بيحبها ومكنش عارف
ايوة بنفكر سوي في نفس
الحاجه في نفس الوقت
كل واحد عارف فين التاني بيعمل ايه دلوقت
احساسنا بيشوفه الكلام مكان
جمعنا حتي السكته ليها شوق ليها معنى
لو حد فينا حب حاجة التانى عمرة ما حبها
لو سالنا التانى تانى هنلاقيى بيحبها
مش عشان ميختلفش ولا خايف
لا عشان بيحبها ومكنش عارف
لو اتقابلنا",https://lyricstranslate.com/en/elissa-law-etaabelna-lyrics.html,"قبل
قبل
قبل
قبل
وحد
حال
هنفترق
حسس
يقل
شفن
هنتفق
ده
احن
لسه
متقابلناش
قبل
امل
بقى
هيحصل
قبل
ده
احن
لسه
اتقابلناش
قبل
امل
بقى
هيحصل
قبل
حد
فين
حب
حجه
تنى
عمر
حبه
سال
تنى
تنى
هنلاق
يحب
مش
علش
ميختلفش
خيف
عشن
يحب
كنش
عرف
ايه
فكر
حجه
وقت
عرف
فين
تنى
عمل
دلق
حسس
يشف
كلم
كان
جمع
سكت
ليه
شوق
ليه
عنى
حد
فين
حب
حجه
تنى
عمر
حبه
سال
تنى
تنى
هنلاقيى
يحب
مش
عشن
ميختلفش
خيف
عشن
يحب
كنش
عرف
قبل",بهاء الدىن محمد,مدين,2014,positive,"لو اتقابلنا
لو اتقابلنا
لو اتقابلنا
لو اتقابلنا مره واحده استحاله هنفترق
احساسنا بيقول اننا لو شفنا بعض هنتفق
ده احنا لسه متقابلناش واتقابلنا
امال بقي هيحصل ايه لو اتقابلنا
ده احنا لسه ما اتقابلناش واتقابلنا
امال بقي هيحصل ايه لو اتقابلنا
لو حد فينا حب حاجه التاني عمره ما حبها
لو سالنا التاني تاني هنلاقيه بيحبها
مش علشان ميختلفش ولا خايف
لا عشان بيحبها ومكنش عارف
ايوة بنفكر سوي في نفس
الحاجه في نفس الوقت
كل واحد عارف فين التاني بيعمل ايه دلوقت
احساسنا بيشوفه الكلام مكان
جمعنا حتي السكته ليها شوق ليها معنى
لو حد فينا حب حاجة التانى عمرة ما حبها
لو سالنا التانى تانى هنلاقيى بيحبها
مش عشان ميختلفش ولا خايف
لا عشان بيحبها ومكنش عارف
لو اتقابلنا"
لو اتقابلنا,"لو اتقابلنا
لو اتقابلنا
لو اتقابلنا
لو اتقابلنا مره واحده استحاله هنفترق
احساسنا بيقول اننا لو شفنا بعض هنتفق
ده احنا لسه متقابلناش واتقابلنا
امال بقي هيحصل ايه لو اتقابلنا
ده احنا لسه ما اتقابلناش واتقابلنا
امال بقي هيحصل ايه لو اتقابلنا
لو حد فينا حب حاجه التاني عمره ما حبها
لو سالنا التاني تاني هنلاقيه بيحبها
مش علشان ميختلفش ولا خايف
لا عشان بيحبها ومكنش عارف
ايوة بنفكر سوي في نفس
الحاجه في نفس الوقت
كل واحد عارف فين التاني بيعمل ايه دلوقت
احساسنا بيشوفه الكلام مكان
جمعنا حتي السكته ليها شوق ليها معنى
لو حد فينا حب حاجة التانى عمرة ما حبها
لو سالنا التانى تانى هنلاقيى بيحبها
مش عشان ميختلفش ولا خايف
لا عشان بيحبها ومكنش عارف
لو اتقابلنا",https://lyricstranslate.com/en/elissa-law-etaabelna-lyrics.html,"قبل
قبل
قبل
قبل
وحد
حال
هنفترق
حسس
يقل
شفن
هنتفق
ده
احن
لسه
متقابلناش
قبل
امل
بقى
هيحصل
قبل
ده
احن
لسه
اتقابلناش
قبل
امل
بقى
هيحصل
قبل
حد
فين
حب
حجه
تنى
عمر
حبه
سال
تنى
تنى
هنلاق
يحب
مش
علش
ميختلفش
خيف
عشن
يحب
كنش
عرف
ايه
فكر
حجه
وقت
عرف
فين
تنى
عمل
دلق
حسس
يشف
كلم
كان
جمع
سكت
ليه
شوق
ليه
عنى
حد
فين
حب
حجه
تنى
عمر
حبه
سال
تنى
تنى
هنلاقيى
يحب
مش
عشن
ميختلفش
خيف
عشن
يحب
كنش
عرف
قبل",بهاء الدىن محمد,مدين,2014,positive,لو اتقابلنا لو اتقابلنا لو اتقابلنا لو اتقابلنا مره واحده استحاله هنفترق احساسنا بيقول اننا لو شفنا بعض هنتفق ده احنا لسه متقابلناش واتقابلنا امال بقي هيحصل ايه لو اتقابلنا ده احنا لسه ما اتقابلناش واتقابلنا امال بقي هيحصل ايه لو اتقابلنا لو حد فينا مودة حاجه التاني عمره ما حبها لو سالنا التاني تاني هنلاقيه بيحبها مش علشان ميختلفش ولا خايف لا عشان بيحبها ومكنش عارف ايوة بنفكر سوي في نفس الحاجه في نفس الوقت كل واحد عارف فين التاني بيعمل ايه دلوقت احساسنا بيشوفه الكلام مكان جمعنا حتي السكته ليها شوق ليها معنى لو حد فينا حب حاجة التانى عمرة ما حبها لو سالنا التانى تانى هنلاقيى بيحبها مش عشان ميختلفش ولا خايف لا عشان بيحبها ومكنش عارف لو اتقابلنا
لو كان,"لو كان
لو كان
لو كان
لو كان عندك قلب يشتاق ما كان تركني و راح
لو كان قلبي أنا بينساك شو كنت أنا برتاح
كنت نسيت سهر الليالي كنت بقيت وحدي بلاك
كنت محيت اسمك يا غالي معزب هواك
كنت بشوف بعدك حياتي كنت بعيش أجمل حياة
كنت نسيت بعدك آهاتي بكفيني آهات
كنت نسيت سهر الليالي كنت بقيت وحدي بلاك
كنت محيت اسمك يا غالي معزب هواك
كنت بشوف بعدك حياتي كنت بعيش أجمل حياة
كنت نسيت بعدك آهاتي بكفيني آهات
ما بخون عندي وفى ما بخون و جنون عندي الغرام
لو كون متلك أنا لو كون شو كنت بعدك كلام
كنت نسيت سهر الليالي كنت بقيت وحدي بلاك
كنت محيت اسمك يا غالي معزب هواك
كنت بشوف بعدك حياتي كنت بعيش أجمل حياة
كنت نسيت بعدك آهاتي بكفيني آهات
كنت نسيت سهر الليالي كنت بقيت وحدي بلاك
كنت محيت اسمك يا غالي معزب هواك
كنت بشوف بعدك حياتي كنت بعيش أجمل حياة
كنت نسيت بعدك آهاتي بكفيني آهات
كنت نسيت سهر الليالي كنت بقيت وحدي بلاك
كنت محيت اسمك يا غالي معزب هواك
كنت بشوف بعدك حياتي كنت بعيش أجمل حياة
كنت نسيت بعدك آهاتي بكفيني آهات
كنت نسيت سهر الليالي كنت بقيت وحدي بلاك
كنت محيت اسمك يا غالي معزب هواك
كنت بشوف بعدك حياتي كنت بعيش أجمل حياة
كنت نسيت بعدك آهاتي بكفيني آهات
كنت نسيت كنت بقيت
كنت محيت اسمك يا غالي معزب هواك
كنت بشوف بعدك حياتي كنت بعيش أجمل حياة
كنت نسيت بعدك آهاتي بكفيني آهات
لو كان",https://lyricstranslate.com/en/elissa-law-kan-lyrics.html,"عند
قلب
شاق
ركنى
قلبى
ينس
شو
كنت
رتح
كنت
نست
سهر
يلى
كنت
بقت
حدى
بلك
كنت
حيت
اسم
غلى
عزب
هوك
كنت
بشف
بعد
حيتى
كنت
بعش
جمل
حيه
كنت
نست
بعد
هتى
كفينى
اهت
كنت
نست
سهر
يلى
كنت
بقت
حدى
بلك
كنت
حيت
اسم
غلى
عزب
هوك
كنت
بشف
بعد
حيتى
كنت
بعش
جمل
حيه
كنت
نست
بعد
هتى
كفينى
اهت
بخن
عندى
وفى
بخن
جنن
عندى
غرم
كون
تلك
كون
شو
كنت
بعد
كلم
كنت
نست
سهر
يلى
كنت
بقت
حدى
بلك
كنت
حيت
اسم
غلى
عزب
هوك
كنت
بشف
بعد
حيتى
كنت
بعش
جمل
حيه
كنت
نست
بعد
هتى
كفينى
اهت
كنت
نست
سهر
يلى
كنت
بقت
حدى
بلك
كنت
حيت
اسم
غلى
عزب
هوك
كنت
بشف
بعد
حيتى
كنت
بعش
جمل
حيه
كنت
نست
بعد
هتى
كفينى
اهت
كنت
نست
سهر
يلى
كنت
بقت
حدى
بلك
كنت
حيت
اسم
غلى
عزب
هوك
كنت
بشف
بعد
حيتى
كنت
بعش
جمل
حيه
كنت
نست
بعد
هتى
كفينى
اهت
كنت
نست
سهر
يلى
كنت
بقت
حدى
بلك
كنت
حيت
اسم
غلى
عزب
هوك
كنت
بشف
بعد
حيتى
كنت
بعش
جمل
حيه
كنت
نست
بعد
هتى
كفينى
اهت
كنت
نست
كنت
بقت
كنت
حيت
اسم
غلى
عزب
هوك
كنت
بشف
بعد
حيتى
كنت
بعش
جمل
حيه
كنت
نست
بعد
هتى
كفينى
اهت",منىر بو عساف,نهاد نجار,2006,neutral,"لو كان
لو كان
لو كان
لو كان عندك قلب يشتاق ما كان تركني و راح
لو كان قلبي أنا بينساك شو كنت أنا برتاح
كنت نسيت سهر الليالي كنت بقيت وحدي بلاك
كنت محيت اسمك يا غالي معزب هواك
كنت بشوف بعدك حياتي كنت بعيش أجمل حياة
كنت نسيت بعدك آهاتي بكفيني آهات
كنت نسيت سهر الليالي كنت بقيت وحدي بلاك
كنت محيت اسمك يا غالي معزب هواك
كنت بشوف بعدك حياتي كنت بعيش أجمل حياة
كنت نسيت بعدك آهاتي بكفيني آهات
ما بخون عندي وفى ما بخون و جنون عندي الغرام
لو كون متلك أنا لو كون شو كنت بعدك كلام
كنت نسيت سهر الليالي كنت بقيت وحدي بلاك
كنت محيت اسمك يا غالي معزب هواك
كنت بشوف بعدك حياتي كنت بعيش أجمل حياة
كنت نسيت بعدك آهاتي بكفيني آهات
كنت نسيت سهر الليالي كنت بقيت وحدي بلاك
كنت محيت اسمك يا غالي معزب هواك
كنت بشوف بعدك حياتي كنت بعيش أجمل حياة
كنت نسيت بعدك آهاتي بكفيني آهات
كنت نسيت سهر الليالي كنت بقيت وحدي بلاك
كنت محيت اسمك يا غالي معزب هواك
كنت بشوف بعدك حياتي كنت بعيش أجمل حياة
كنت نسيت بعدك آهاتي بكفيني آهات
كنت نسيت سهر الليالي كنت بقيت وحدي بلاك
كنت محيت اسمك يا غالي معزب هواك
كنت بشوف بعدك حياتي كنت بعيش أجمل حياة
كنت نسيت بعدك آهاتي بكفيني آهات
كنت نسيت كنت بقيت
كنت محيت اسمك يا غالي معزب هواك
كنت بشوف بعدك حياتي كنت بعيش أجمل حياة
كنت نسيت بعدك آهاتي بكفيني آهات
لو كان"
لو كان,"لو كان
لو كان
لو كان
لو كان عندك قلب يشتاق ما كان تركني و راح
لو كان قلبي أنا بينساك شو كنت أنا برتاح
كنت نسيت سهر الليالي كنت بقيت وحدي بلاك
كنت محيت اسمك يا غالي معزب هواك
كنت بشوف بعدك حياتي كنت بعيش أجمل حياة
كنت نسيت بعدك آهاتي بكفيني آهات
كنت نسيت سهر الليالي كنت بقيت وحدي بلاك
كنت محيت اسمك يا غالي معزب هواك
كنت بشوف بعدك حياتي كنت بعيش أجمل حياة
كنت نسيت بعدك آهاتي بكفيني آهات
ما بخون عندي وفى ما بخون و جنون عندي الغرام
لو كون متلك أنا لو كون شو كنت بعدك كلام
كنت نسيت سهر الليالي كنت بقيت وحدي بلاك
كنت محيت اسمك يا غالي معزب هواك
كنت بشوف بعدك حياتي كنت بعيش أجمل حياة
كنت نسيت بعدك آهاتي بكفيني آهات
كنت نسيت سهر الليالي كنت بقيت وحدي بلاك
كنت محيت اسمك يا غالي معزب هواك
كنت بشوف بعدك حياتي كنت بعيش أجمل حياة
كنت نسيت بعدك آهاتي بكفيني آهات
كنت نسيت سهر الليالي كنت بقيت وحدي بلاك
كنت محيت اسمك يا غالي معزب هواك
كنت بشوف بعدك حياتي كنت بعيش أجمل حياة
كنت نسيت بعدك آهاتي بكفيني آهات
كنت نسيت سهر الليالي كنت بقيت وحدي بلاك
كنت محيت اسمك يا غالي معزب هواك
كنت بشوف بعدك حياتي كنت بعيش أجمل حياة
كنت نسيت بعدك آهاتي بكفيني آهات
كنت نسيت كنت بقيت
كنت محيت اسمك يا غالي معزب هواك
كنت بشوف بعدك حياتي كنت بعيش أجمل حياة
كنت نسيت بعدك آهاتي بكفيني آهات
لو كان",https://lyricstranslate.com/en/elissa-law-kan-lyrics.html,"عند
قلب
شاق
ركنى
قلبى
ينس
شو
كنت
رتح
كنت
نست
سهر
يلى
كنت
بقت
حدى
بلك
كنت
حيت
اسم
غلى
عزب
هوك
كنت
بشف
بعد
حيتى
كنت
بعش
جمل
حيه
كنت
نست
بعد
هتى
كفينى
اهت
كنت
نست
سهر
يلى
كنت
بقت
حدى
بلك
كنت
حيت
اسم
غلى
عزب
هوك
كنت
بشف
بعد
حيتى
كنت
بعش
جمل
حيه
كنت
نست
بعد
هتى
كفينى
اهت
بخن
عندى
وفى
بخن
جنن
عندى
غرم
كون
تلك
كون
شو
كنت
بعد
كلم
كنت
نست
سهر
يلى
كنت
بقت
حدى
بلك
كنت
حيت
اسم
غلى
عزب
هوك
كنت
بشف
بعد
حيتى
كنت
بعش
جمل
حيه
كنت
نست
بعد
هتى
كفينى
اهت
كنت
نست
سهر
يلى
كنت
بقت
حدى
بلك
كنت
حيت
اسم
غلى
عزب
هوك
كنت
بشف
بعد
حيتى
كنت
بعش
جمل
حيه
كنت
نست
بعد
هتى
كفينى
اهت
كنت
نست
سهر
يلى
كنت
بقت
حدى
بلك
كنت
حيت
اسم
غلى
عزب
هوك
كنت
بشف
بعد
حيتى
كنت
بعش
جمل
حيه
كنت
نست
بعد
هتى
كفينى
اهت
كنت
نست
سهر
يلى
كنت
بقت
حدى
بلك
كنت
حيت
اسم
غلى
عزب
هوك
كنت
بشف
بعد
حيتى
كنت
بعش
جمل
حيه
كنت
نست
بعد
هتى
كفينى
اهت
كنت
نست
كنت
بقت
كنت
حيت
اسم
غلى
عزب
هوك
كنت
بشف
بعد
حيتى
كنت
بعش
جمل
حيه
كنت
نست
بعد
هتى
كفينى
اهت",منىر بو عساف,نهاد نجار,2006,neutral,لو كان لو كان لو كان لو كان عندك قلب يشتاق ما كان تركني و راح لو كان قلبي أنا بينساك شو كنت أنا برتاح كنت نسيت سهر الليالي كنت بقيت وحدي بلاك كنت محيت اسمك يا غالي معزب هواك كنت بشوف بعدك حياتي كنت بعيش أجمل حياة كنت نسيت بعدك آهاتي بكفيني آهات كنت نسيت سهر الليالي كنت بقيت وحدي بلاك كنت محيت اسمك يا غالي معزب هواك كنت بشوف بعدك حياتي كنت بعيش أجمل حياة كنت نسيت بعدك آهاتي بكفيني آهات ما بخون عندي وفى ما بخون و جنون عندي الغرام لو كون متلك أنا لو كون شو كنت بعدك كلام كنت نسيت سهر الليالي كنت بقيت وحدي بلاك كنت محيت اسمك يا غالي معزب هواك كنت بشوف بعدك حياتي كنت بعيش أجمل حياة كنت نسيت بعدك آهاتي بكفيني آهات كنت نسيت سهر الليالي كنت بقيت وحدي بلاك كنت محيت اسمك يا غالي معزب هواك كنت بشوف بعدك حياتي كنت بعيش أجمل حياة كنت نسيت بعدك آهاتي بكفيني آهات كنت نسيت سهر الليالي كنت بقيت وحدي بلاك كنت محيت اسمك يا غالي معزب هواك كنت بشوف بعدك حياتي كنت بعيش أجمل حياة كنت نسيت بعدك آهاتي بكفيني آهات كنت نسيت سهر الليالي كنت بقيت وحدي بلاك كنت محيت اسمك يا غالي معزب هواك كنت بشوف بعدك حياتي كنت بعيش أجمل حياة كنت نسيت بعدك آهاتي بكفيني آهات كنت نسيت كنت بقيت كنت محيت اسمك يا غالي معزب هواك كنت بشوف بعدك حياتي كنت بعيش أبدع حياة كنت نسيت بعدك آهاتي بكفيني آهات لو كان
ما تعرفش ليه,"ما تعرفش ليه
ما تعرفش ليه
ما تعرفش ليه
متعرفش ليه
في وقت اما بحتاج حد جنبي اشتكيله
بتبقي انت اول حد ييجي في بالي اجيله
وتبقي انت اول حد افضفض يومها ليه
متعرفش ليه
في وقت اما اشوفك يومها بجري عليك اوام
وانا معاك بحب كتير اطول في الكلام
وآخد راحتي واحكي في اللي نفسي احكي فيه
متعرفش ليه
لو ابصلك مبشلش عيني من عليك
و اول باول كل حاجة بقولها ليك
متعرفش ليه
لو ابصلك مبشلش عيني من عليك
و اول باول كل حاجة بقولها ليك
و ليه بس صوتي بيحلي لما بيناديك
و ليه بس اسمي بيحلي لو تندهني بيه
متعرفش ليه
بحس انك انت اللي بقيت مسئولة منه
و احس انك انت اللي انا مسئولة عنه
و احس اني فيك شايفة اللي انا بدور عليه
متعرفش ليه
انا ازاي بقيت مابخافش وجريئة في هواك
و بقدر علي اللي ميتقدرش عليه معاك
و لو كان ده مش حب انت قولي ده يبقي ايه
متعرفش ليه
لو ابصلك مبشلش عيني من عليك
و اول باول كل حاجة بقولها ليك
متعرفش ليه
لو ابصلك مبشلش عيني من عليك
و اول باول كل حاجة بقولها ليك
و ليه بس صوتي بيحلي لما بيناديك
و ليه بس اسمي بيحلي لو تندهني بيه
ما تعرفش ليه",https://lyricstranslate.com/en/elissa-ma-te3rafshi-leh-lyrics.html,"عرفش
ليه
عرفش
ليه
عرفش
ليه
عرفش
ليه
وقت
حتج
حد
جنبى
شتكيل
بقى
حد
يجى
بلى
اجل
بقى
حد
ضفض
يوم
ليه
عرفش
ليه
وقت
اشف
يوم
جرى
اوم
ونا
عاك
بحب
كتر
اطل
كلم
وخد
راحتى
حكى
فسى
حكى
عرفش
ليه
بصل
بشلش
عينى
بول
حجه
بقل
ليك
عرفش
ليه
بصل
بشلش
عينى
بول
حجه
بقل
ليك
ليه
صوتى
حلى
يند
ليه
سمى
حلى
دهنى
بيه
عرفش
ليه
بحس
انك
بقت
سئل
احس
انك
سئل
عنه
احس
فيك
شيف
بدر
عرفش
ليه
ازى
بقت
مابخافش
جرئ
هوك
قدر
ميتقدرش
عاك
ده
مش
حب
قولى
ده
بقى
عرفش
ليه
بصل
بشلش
عينى
بول
حجه
بقل
ليك
عرفش
ليه
بصل
بشلش
عينى
بول
حجه
بقل
ليك
ليه
صوتى
حلى
يند
ليه
سمى
حلى
دهنى
بيه
عرفش
ليه",نادر عبدالله,تامر على,2009,negative,"ما تعرفش ليه
ما تعرفش ليه
ما تعرفش ليه
متعرفش ليه
في وقت اما بحتاج حد جنبي اشتكيله
بتبقي انت اول حد ييجي في بالي اجيله
وتبقي انت اول حد افضفض يومها ليه
متعرفش ليه
في وقت اما اشوفك يومها بجري عليك اوام
وانا معاك بحب كتير اطول في الكلام
وآخد راحتي واحكي في اللي نفسي احكي فيه
متعرفش ليه
لو ابصلك مبشلش عيني من عليك
و اول باول كل حاجة بقولها ليك
متعرفش ليه
لو ابصلك مبشلش عيني من عليك
و اول باول كل حاجة بقولها ليك
و ليه بس صوتي بيحلي لما بيناديك
و ليه بس اسمي بيحلي لو تندهني بيه
متعرفش ليه
بحس انك انت اللي بقيت مسئولة منه
و احس انك انت اللي انا مسئولة عنه
و احس اني فيك شايفة اللي انا بدور عليه
متعرفش ليه
انا ازاي بقيت مابخافش وجريئة في هواك
و بقدر علي اللي ميتقدرش عليه معاك
و لو كان ده مش حب انت قولي ده يبقي ايه
متعرفش ليه
لو ابصلك مبشلش عيني من عليك
و اول باول كل حاجة بقولها ليك
متعرفش ليه
لو ابصلك مبشلش عيني من عليك
و اول باول كل حاجة بقولها ليك
و ليه بس صوتي بيحلي لما بيناديك
و ليه بس اسمي بيحلي لو تندهني بيه
ما تعرفش ليه"
ما تعرفش ليه,"ما تعرفش ليه
ما تعرفش ليه
ما تعرفش ليه
متعرفش ليه
في وقت اما بحتاج حد جنبي اشتكيله
بتبقي انت اول حد ييجي في بالي اجيله
وتبقي انت اول حد افضفض يومها ليه
متعرفش ليه
في وقت اما اشوفك يومها بجري عليك اوام
وانا معاك بحب كتير اطول في الكلام
وآخد راحتي واحكي في اللي نفسي احكي فيه
متعرفش ليه
لو ابصلك مبشلش عيني من عليك
و اول باول كل حاجة بقولها ليك
متعرفش ليه
لو ابصلك مبشلش عيني من عليك
و اول باول كل حاجة بقولها ليك
و ليه بس صوتي بيحلي لما بيناديك
و ليه بس اسمي بيحلي لو تندهني بيه
متعرفش ليه
بحس انك انت اللي بقيت مسئولة منه
و احس انك انت اللي انا مسئولة عنه
و احس اني فيك شايفة اللي انا بدور عليه
متعرفش ليه
انا ازاي بقيت مابخافش وجريئة في هواك
و بقدر علي اللي ميتقدرش عليه معاك
و لو كان ده مش حب انت قولي ده يبقي ايه
متعرفش ليه
لو ابصلك مبشلش عيني من عليك
و اول باول كل حاجة بقولها ليك
متعرفش ليه
لو ابصلك مبشلش عيني من عليك
و اول باول كل حاجة بقولها ليك
و ليه بس صوتي بيحلي لما بيناديك
و ليه بس اسمي بيحلي لو تندهني بيه
ما تعرفش ليه",https://lyricstranslate.com/en/elissa-ma-te3rafshi-leh-lyrics.html,"عرفش
ليه
عرفش
ليه
عرفش
ليه
عرفش
ليه
وقت
حتج
حد
جنبى
شتكيل
بقى
حد
يجى
بلى
اجل
بقى
حد
ضفض
يوم
ليه
عرفش
ليه
وقت
اشف
يوم
جرى
اوم
ونا
عاك
بحب
كتر
اطل
كلم
وخد
راحتى
حكى
فسى
حكى
عرفش
ليه
بصل
بشلش
عينى
بول
حجه
بقل
ليك
عرفش
ليه
بصل
بشلش
عينى
بول
حجه
بقل
ليك
ليه
صوتى
حلى
يند
ليه
سمى
حلى
دهنى
بيه
عرفش
ليه
بحس
انك
بقت
سئل
احس
انك
سئل
عنه
احس
فيك
شيف
بدر
عرفش
ليه
ازى
بقت
مابخافش
جرئ
هوك
قدر
ميتقدرش
عاك
ده
مش
حب
قولى
ده
بقى
عرفش
ليه
بصل
بشلش
عينى
بول
حجه
بقل
ليك
عرفش
ليه
بصل
بشلش
عينى
بول
حجه
بقل
ليك
ليه
صوتى
حلى
يند
ليه
سمى
حلى
دهنى
بيه
عرفش
ليه",نادر عبدالله,تامر على,2009,negative,ما تعرفش ليه ما تعرفش ليه ما تعرفش ليه متعرفش ليه في وقت اما بحتاج حد جنبي اشتكيله بتبقي انت اول حد ييجي في بالي اجيله وتبقي انت اول حد افضفض يومها ليه متعرفش ليه في وقت اما اشوفك يومها بجري عليك اوام وانا معاك بحب كتير اطول في الكلام وآخد راحتي واحكي في اللي نفسي احكي فيه متعرفش ليه لو ابصلك مبشلش عيني من عليك و اول باول كل حاجة بقولها ليك متعرفش ليه لو ابصلك مبشلش عيني من عليك و اول باول كل حاجة بقولها ليك و ليه بس صوتي بيحلي لما بيناديك و ليه بس اسمي بيحلي لو تندهني بيه متعرفش ليه بحس انك انت اللي بقيت مسئولة منه و احس انك انت اللي انا مسئولة عنه و احس اني فيك شايفة اللي انا بدور عليه متعرفش ليه انا ازاي بقيت مابخافش وجريئة في هواك و بقدر علي اللي ميتقدرش عليه معاك و لو كان ذلك مش حب انت قولي ده يبقي ايه متعرفش ليه لو ابصلك مبشلش عيني من عليك و اول باول كل حاجة بقولها ليك متعرفش ليه لو ابصلك مبشلش عيني من عليك و اول باول كل حاجة بقولها ليك و ليه بس صوتي بيحلي لما بيناديك و ليه بس اسمي بيحلي لو تندهني بيه ما تعرفش ليه
ما تندم ع شي Tendam Shi,"ما تندم ع شي
ما تندم ع شي
ما تندم ع شي
ما تندم عَ شي
كل شي بهالحياة تجربة اعتبرو
ما تستصغر شي
الله بأضعف خلقو حطّلّك سِرّو
في خطايا بريئة
ما بينحسبو بشرع الحب بينغفرو
يا قلبي سامحني
عملت شي ما بيشبهني
يا قلبي سامحني
واللهي غصبن عنّي
الحب هوّي انّك تضحّي
وجروح البتحبّو تمحّي
أكبر غلطة بهيدي الدنيي
قدّام الحب صغيري
بهالزمن كل شي إلو تمن
لما المصايب يكترو
ببينو المعادن
مين حدّك لفترة
ومين للآخر بضاين
ما تتّاخد بالعواطف
صدِّقني الحب مواقف
من غيرَك الهوا بيزعجني
منَّك بتحمّل عواصف
ما تندم ع شي",https://lyricstranslate.com/en/elissa-ma-tendam-3a-shi-lyrics.html,"ندم
شى
ندم
شى
ندم
شى
ندم
شى
شى
بهالحياه
جرب
عتبرو
صغر
شى
اله
ضعف
خلقو
حطل
سرو
خطا
برئ
حسبو
شرع
لحب
غفرو
قلبى
حنى
عمل
شى
شبهنى
قلبى
حنى
لهى
غصب
عنى
لحب
هوى
انك
ضحى
جرح
حبو
محى
كبر
غلط
هيدى
دنى
قدم
لحب
صغيرى
هالزم
شى
الو
تمن
صاب
كرو
ينو
عدن
مين
حدك
فتر
ومن
لخر
بضا
تخد
عطف
صدقنى
لحب
وقف
غير
هوا
زعجنى
منك
حمل
عصف
ندم
شى",على المولى,صلاح الكردى,2023,neutral,"ما تندم ع شي
ما تندم ع شي
ما تندم ع شي
ما تندم عَ شي
كل شي بهالحياة تجربة اعتبرو
ما تستصغر شي
الله بأضعف خلقو حطّلّك سِرّو
في خطايا بريئة
ما بينحسبو بشرع الحب بينغفرو
يا قلبي سامحني
عملت شي ما بيشبهني
يا قلبي سامحني
واللهي غصبن عنّي
الحب هوّي انّك تضحّي
وجروح البتحبّو تمحّي
أكبر غلطة بهيدي الدنيي
قدّام الحب صغيري
بهالزمن كل شي إلو تمن
لما المصايب يكترو
ببينو المعادن
مين حدّك لفترة
ومين للآخر بضاين
ما تتّاخد بالعواطف
صدِّقني الحب مواقف
من غيرَك الهوا بيزعجني
منَّك بتحمّل عواصف
ما تندم ع شي"
ما تندم ع شي Tendam Shi,"ما تندم ع شي
ما تندم ع شي
ما تندم ع شي
ما تندم عَ شي
كل شي بهالحياة تجربة اعتبرو
ما تستصغر شي
الله بأضعف خلقو حطّلّك سِرّو
في خطايا بريئة
ما بينحسبو بشرع الحب بينغفرو
يا قلبي سامحني
عملت شي ما بيشبهني
يا قلبي سامحني
واللهي غصبن عنّي
الحب هوّي انّك تضحّي
وجروح البتحبّو تمحّي
أكبر غلطة بهيدي الدنيي
قدّام الحب صغيري
بهالزمن كل شي إلو تمن
لما المصايب يكترو
ببينو المعادن
مين حدّك لفترة
ومين للآخر بضاين
ما تتّاخد بالعواطف
صدِّقني الحب مواقف
من غيرَك الهوا بيزعجني
منَّك بتحمّل عواصف
ما تندم ع شي",https://lyricstranslate.com/en/elissa-ma-tendam-3a-shi-lyrics.html,"ندم
شى
ندم
شى
ندم
شى
ندم
شى
شى
بهالحياه
جرب
عتبرو
صغر
شى
اله
ضعف
خلقو
حطل
سرو
خطا
برئ
حسبو
شرع
لحب
غفرو
قلبى
حنى
عمل
شى
شبهنى
قلبى
حنى
لهى
غصب
عنى
لحب
هوى
انك
ضحى
جرح
حبو
محى
كبر
غلط
هيدى
دنى
قدم
لحب
صغيرى
هالزم
شى
الو
تمن
صاب
كرو
ينو
عدن
مين
حدك
فتر
ومن
لخر
بضا
تخد
عطف
صدقنى
لحب
وقف
غير
هوا
زعجنى
منك
حمل
عصف
ندم
شى",على المولى,صلاح الكردى,2023,neutral,ما تندم ع شي ما تندم ع شي ما تندم ع شي ما تندم ع شي كل شي بهالحياة تجربة اعتبرو ما تستصغر شي الله بأضعف خلقو حطلك سرو في خطايا بريئة ما بينحسبو بشرع الحب بينغفرو يا جوفي سامحني عملت شي ما بيشبهني يا قلبي سامحني واللهي غصبن عني الحب هوي انك تضحي وجروح البتحبو تمحي أكبر غلطة بهيدي الدنيي قدام الحب صغيري بهالزمن كل شي إلو تمن لما المصايب يكترو ببينو المعادن مين حدك لفترة ومين للآخر بضاين ما تتاخد بالعواطف صدقني الحب مواقف من غيرك الهوا بيزعجني منك بتحمل عواصف ما تندم ع شي
مش عارفة ليه,"مش عارفة ليه
مش عارفة ليه
مش عارفة ليه
مش عارفة ليه انا بعمل ليه
جامدة قوي وقوية عليه
مع إنّي لما بشوفه ببقى
نفسي أضمّه و ابوس ايديه!
بيبقى في قلبي شوق الدنيا
وآجي قصاده أداري وأخبي
ليه وازاي مع إن مفيش في الدنيا
أحن عليه من قلبي
بدراي ليه حنّيتي؟
والقسوة تغلب رقتي
وأرفضله أي كلام يقوله عشان أبيّن قوّتي!
بحسّ لو عرف الحقيقة حناني يغرّه أو يضعفني
كإني لو حسسته في حب هيقوى عليّا ويعذبني
بتعبه على قد ما أقدر وغصب عنه بيتحمّلني
بعمل قال مش فارق عندي
مع اني ممكن أموت لو سابني
بدراي ليه حنّيتي؟
والقسوة تغلب رقتي
وأرفضله أي كلام يقوله عشان أبيّن قوّتي!
مش عارفة ليه",https://lyricstranslate.com/en/elissa-mesh-3rfa-leh-lyrics.html,"مش
عرف
ليه
مش
عرف
ليه
مش
عرف
ليه
مش
عرف
ليه
عمل
ليه
جمد
قوى
وقي
بشف
بقى
فسى
اضم
ابس
ايد
بقى
قلبى
شوق
دنا
وجى
قصد
درى
خبى
ليه
ازى
فيش
دنا
احن
قلبى
درى
ليه
حنيتى
قسه
غلب
رقتى
رفضل
كلم
يقل
عشن
ابن
قوتى
بحس
عرف
حقق
حننى
يغر
ضعفنى
كنى
حست
حب
هيقوى
علا
عذبنى
تعب
قدر
غصب
عنه
بيتحملنى
عمل
قال
مش
فرق
عندى
مكن
امت
بنى
درى
ليه
حنيتى
قسه
غلب
رقتى
رفضل
كلم
يقل
عشن
ابن
قوتى
مش
عرف
ليه",بهاء الدىن محمد,مدين,2016,positive,"مش عارفة ليه
مش عارفة ليه
مش عارفة ليه
مش عارفة ليه انا بعمل ليه
جامدة قوي وقوية عليه
مع إنّي لما بشوفه ببقى
نفسي أضمّه و ابوس ايديه!
بيبقى في قلبي شوق الدنيا
وآجي قصاده أداري وأخبي
ليه وازاي مع إن مفيش في الدنيا
أحن عليه من قلبي
بدراي ليه حنّيتي؟
والقسوة تغلب رقتي
وأرفضله أي كلام يقوله عشان أبيّن قوّتي!
بحسّ لو عرف الحقيقة حناني يغرّه أو يضعفني
كإني لو حسسته في حب هيقوى عليّا ويعذبني
بتعبه على قد ما أقدر وغصب عنه بيتحمّلني
بعمل قال مش فارق عندي
مع اني ممكن أموت لو سابني
بدراي ليه حنّيتي؟
والقسوة تغلب رقتي
وأرفضله أي كلام يقوله عشان أبيّن قوّتي!
مش عارفة ليه"
مش عارفة ليه,"مش عارفة ليه
مش عارفة ليه
مش عارفة ليه
مش عارفة ليه انا بعمل ليه
جامدة قوي وقوية عليه
مع إنّي لما بشوفه ببقى
نفسي أضمّه و ابوس ايديه!
بيبقى في قلبي شوق الدنيا
وآجي قصاده أداري وأخبي
ليه وازاي مع إن مفيش في الدنيا
أحن عليه من قلبي
بدراي ليه حنّيتي؟
والقسوة تغلب رقتي
وأرفضله أي كلام يقوله عشان أبيّن قوّتي!
بحسّ لو عرف الحقيقة حناني يغرّه أو يضعفني
كإني لو حسسته في حب هيقوى عليّا ويعذبني
بتعبه على قد ما أقدر وغصب عنه بيتحمّلني
بعمل قال مش فارق عندي
مع اني ممكن أموت لو سابني
بدراي ليه حنّيتي؟
والقسوة تغلب رقتي
وأرفضله أي كلام يقوله عشان أبيّن قوّتي!
مش عارفة ليه",https://lyricstranslate.com/en/elissa-mesh-3rfa-leh-lyrics.html,"مش
عرف
ليه
مش
عرف
ليه
مش
عرف
ليه
مش
عرف
ليه
عمل
ليه
جمد
قوى
وقي
بشف
بقى
فسى
اضم
ابس
ايد
بقى
قلبى
شوق
دنا
وجى
قصد
درى
خبى
ليه
ازى
فيش
دنا
احن
قلبى
درى
ليه
حنيتى
قسه
غلب
رقتى
رفضل
كلم
يقل
عشن
ابن
قوتى
بحس
عرف
حقق
حننى
يغر
ضعفنى
كنى
حست
حب
هيقوى
علا
عذبنى
تعب
قدر
غصب
عنه
بيتحملنى
عمل
قال
مش
فرق
عندى
مكن
امت
بنى
درى
ليه
حنيتى
قسه
غلب
رقتى
رفضل
كلم
يقل
عشن
ابن
قوتى
مش
عرف
ليه",بهاء الدىن محمد,مدين,2016,positive,مش عارفة ليه مش عارفة ليه مش عارفة ليه مش عارفة ليه انا بعمل ليه جامدة قوي وقوية عليه مع إني لما بشوفه ببقى نفسي أضمه و ابوس ايديه بيبقى في قلبي شوق الدنيا وآجي قصاده أداري وأخبي ليه وازاي مع إن مفيش في الدنيا أحن عليه من قلبي بدراي ليه حنيتي والقسوة تغلب رقتي وأرفضله أي كلام يقوله عشان أبين قوتي بحس لو عرف الحقيقة حناني يغره أو يضعفني كإني لو حسسته في وله هيقوى عليا ويعذبني بتعبه على قد ما أقدر وغصب عنه بيتحملني بعمل قال مش فارق عندي مع اني ممكن أموت لو سابني بدراي ليه حنيتي والقسوة تغلب رقتي وأرفضله أي كلام يقوله عشان أبين قوتي مش عارفة ليه
مفيش أسباب,"مفيش أسباب
مفيش أسباب
مفيش أسباب
مفيش أسباب
بعدت وعمري ما عملت لبعادنا حساب
أنا سبتك عشان
ما اقبلش إني أتساب
مشيت قبل إنت ما تقولي
خلاص مليت
جراح في جراح
جرحت أنا نفسي بإيديا
عشان أرتاح
بسببك كل شيء كان حلو
بينا اهو راح
نهاية اكيد حبيبي عكس ما اتمنيت
أوقات بتموت حاجات
علشان نعرف نعيش
وها كمل ليه الحياة
مع قلب ما حبنيش؟
كان نفسي أعيش جواك
مش بس أعيش وياك
ما تجبش العيب عليا
وما تلومنيش
ما كملناش
عملت حاجات كتير
قلبك ما قدرهاش
وكنت بموت عشان أرضيك
وما بترضاش
وقطر الفرح عدى
قصاد عينيا وفات
وهاكدب ليه
أنا بحبك
وها فضل أحبك أعمل إيه؟
ده قلبي أكيد ما ليش كلمة حبيبي عليه
لكن عقلي أكيد
بيبني قراره عالحسابات
أمير طعيمة
مفيش أسباب",https://lyricstranslate.com/en/elissa-mafish-asbab-lyrics.html,"فيش
سبب
فيش
سبب
فيش
سبب
فيش
سبب
بعد
عمرى
عمل
بعد
حسب
سبت
عشن
قبلش
تسب
شيت
قولى
خلص
ليت
جرح
جرح
جرح
فسى
بيد
عشن
راح
بسب
شيء
حلو
بين
اهو
نهي
اكد
حبيبى
عكس
اتم
اوق
تمو
حاج
علش
عرف
نعش
وها
كمل
ليه
حيه
قلب
حبنيش
فسى
اعش
جوك
مش
اعش
ويك
جبش
عيب
علا
نيش
كملناش
عمل
حاج
كتر
قلب
قدرهاش
وكن
بمت
عشن
ارض
رضش
قطر
فرح
عدى
قصد
عين
وفت
هاكدب
ليه
بحب
وها
فضل
احب
عمل
ده
قلبى
اكد
ليش
كلم
حبيبى
عقلى
اكد
بنى
قرر
عالحساب
امر
طعم
فيش
سبب",امير طعيمة,رامى جمال,2018,neutral,"مفيش أسباب
مفيش أسباب
مفيش أسباب
مفيش أسباب
بعدت وعمري ما عملت لبعادنا حساب
أنا سبتك عشان
ما اقبلش إني أتساب
مشيت قبل إنت ما تقولي
خلاص مليت
جراح في جراح
جرحت أنا نفسي بإيديا
عشان أرتاح
بسببك كل شيء كان حلو
بينا اهو راح
نهاية اكيد حبيبي عكس ما اتمنيت
أوقات بتموت حاجات
علشان نعرف نعيش
وها كمل ليه الحياة
مع قلب ما حبنيش؟
كان نفسي أعيش جواك
مش بس أعيش وياك
ما تجبش العيب عليا
وما تلومنيش
ما كملناش
عملت حاجات كتير
قلبك ما قدرهاش
وكنت بموت عشان أرضيك
وما بترضاش
وقطر الفرح عدى
قصاد عينيا وفات
وهاكدب ليه
أنا بحبك
وها فضل أحبك أعمل إيه؟
ده قلبي أكيد ما ليش كلمة حبيبي عليه
لكن عقلي أكيد
بيبني قراره عالحسابات
أمير طعيمة
مفيش أسباب"
مفيش أسباب,"مفيش أسباب
مفيش أسباب
مفيش أسباب
مفيش أسباب
بعدت وعمري ما عملت لبعادنا حساب
أنا سبتك عشان
ما اقبلش إني أتساب
مشيت قبل إنت ما تقولي
خلاص مليت
جراح في جراح
جرحت أنا نفسي بإيديا
عشان أرتاح
بسببك كل شيء كان حلو
بينا اهو راح
نهاية اكيد حبيبي عكس ما اتمنيت
أوقات بتموت حاجات
علشان نعرف نعيش
وها كمل ليه الحياة
مع قلب ما حبنيش؟
كان نفسي أعيش جواك
مش بس أعيش وياك
ما تجبش العيب عليا
وما تلومنيش
ما كملناش
عملت حاجات كتير
قلبك ما قدرهاش
وكنت بموت عشان أرضيك
وما بترضاش
وقطر الفرح عدى
قصاد عينيا وفات
وهاكدب ليه
أنا بحبك
وها فضل أحبك أعمل إيه؟
ده قلبي أكيد ما ليش كلمة حبيبي عليه
لكن عقلي أكيد
بيبني قراره عالحسابات
أمير طعيمة
مفيش أسباب",https://lyricstranslate.com/en/elissa-mafish-asbab-lyrics.html,"فيش
سبب
فيش
سبب
فيش
سبب
فيش
سبب
بعد
عمرى
عمل
بعد
حسب
سبت
عشن
قبلش
تسب
شيت
قولى
خلص
ليت
جرح
جرح
جرح
فسى
بيد
عشن
راح
بسب
شيء
حلو
بين
اهو
نهي
اكد
حبيبى
عكس
اتم
اوق
تمو
حاج
علش
عرف
نعش
وها
كمل
ليه
حيه
قلب
حبنيش
فسى
اعش
جوك
مش
اعش
ويك
جبش
عيب
علا
نيش
كملناش
عمل
حاج
كتر
قلب
قدرهاش
وكن
بمت
عشن
ارض
رضش
قطر
فرح
عدى
قصد
عين
وفت
هاكدب
ليه
بحب
وها
فضل
احب
عمل
ده
قلبى
اكد
ليش
كلم
حبيبى
عقلى
اكد
بنى
قرر
عالحساب
امر
طعم
فيش
سبب",امير طعيمة,رامى جمال,2018,neutral,مفيش أسباب مفيش أسباب مفيش أسباب مفيش أسباب بعدت وعمري ما عملت لبعادنا حساب أنا سبتك عشان ما اقبلش إني أتساب مشيت قبل إنت ما تقولي خلاص مليت جراح في جراح جرحت أنا نفسي بإيديا عشان أرتاح بسببك كل شيء كان حلو بينا اهو راح نهاية اكيد حبيبي عكس ما اتمنيت أوقات بتموت حاجات علشان نعرف نعيش وها كمل ليه الحياة مع قلب ما حبنيش كان نفسي أعيش جواك مش بس أعيش وياك ما تجبش العيب عليا وما تلومنيش ما كملناش عملت حاجات كتير قلبك ما قدرهاش وكنت بموت عشان أرضيك وما بترضاش وقطر الفرح عدى قصاد عينيا وفات وهاكدب ليه أنا بهواك وها فضل أحبك أعمل إيه ده قلبي أكيد ما ليش كلمة حبيبي عليه لكن عقلي أكيد بيبني قراره عالحسابات أمير طعيمة مفيش أسباب
من عينيا دي ,"من عينيا دي
من عينيا دي
من عينيا دي
مَعَ شُوقِي مَعَ حُـبِّي لِـيِه
هَـادِيت عِينِيه بِـنَظـرِتِـين
نَـادِيت عَليه بِـضِحكِتـِين
يِوَصَّـلوا اللِي أنا فِـيه
مَـعنى مَالُوش مَـعـنَـيِـين
مِـن السَّلام اللِي بِـالإِيـدِين
وِمِالكَـلام اللي بِـالعِـينِـين
غِيرإِنِّيِ فَـرحَانَة بِـيه
لَـقِيـتُه قُــدَّامِـي حَـبِـيب أيـَّـامِـي
يَـارِيـتُه يِـبقَـالِي
فَـارِس أحــلَامِـي
اللِي أنا بَستَـنَّـاه
دَا وَأنا بَاصَّالُه
فِيه حَاجَة وَاصلَالُه
وكَام حَاجَة أنا نِفسِي أَشرَحهَالُه
عَن إِحسَاسِي وَيَّـاه
مِن عِـينَـيَّا دِي قَبل دِي
بِكُل حَاجَة فِـيَّا بَـ هَادِيه
وكُل يُوم بَنام وَأقُوم
بِـأَلف إِحسَاس بِـينَادِيه
يَارِيت كَمان أَعيِش زَمان
عَليَ الزَّمَان مَابِين إِيدِيه
وعَندِي إِيه تَاني يرَاضِيه
مَع حـُــــبِّي لِـيِه
إِيـه بَـقَيَ أنَـا مخَـبِـيَـاه
حَبِيبِي شَاف وَأنا مَـعَـاه
كَام اعتِـرَاف مِـقَـدِّمَـاه
عَن اللِي أنَـا حَـاسَّـاه
عِيني الإتنِين سَـهرَانِين
وسَرحَانِين فِيه بِاليومِين
هَشُوفُه إِمتيَ؟ هَـقَابلُه فِين؟
هَـقُولُّــه إِيه بَـعـدِين؟
من عينيا دي",https://lyricstranslate.com/en/elissa-men-inaya-di-lyrics.html-0,"عين
دى
عين
دى
عين
دى
شوقى
حـبى
لـه
هـد
عين
بـنظـرتـ
نـد
ـضحكتـ
صـل
فـه
ـعنى
الش
مـعـنـيـ
مـن
سلم
بـالايـد
ومالكـلام
بـالعـينـ
غيرانى
ـرح
بـه
ـقـ
قـدامـى
حـبـيب
ـامـى
يـاريـته
يـبقـالى
ـرس
احـلامـى
بستـنـاه
دا
ونا
اصل
حجه
صلل
وكم
حجه
فسى
اشرحهاله
حسسى
ويـ
عـينـ
دى
دى
بكل
حجه
فـا
بـ
هدي
وكل
يوم
بنم
وقم
ـلف
حسس
بـيناديه
يري
كمن
اعش
زمن
زمن
ماب
ايد
عندى
تنى
يرض
حـبى
لـه
ايـ
ـقى
انـ
مخـبـيـاه
حبيبى
شاف
ونا
ـعـ
كام
عتـراف
مـقـدمـاه
انـ
حـسـ
عينى
اتن
ـهر
سرح
يوم
هشف
متى
هـقابل
فين
هـقولـ
ـعـد
عين
دى",نادر عبدالله,جان صليبا,2018,positive,"من عينيا دي
من عينيا دي
من عينيا دي
مَعَ شُوقِي مَعَ حُـبِّي لِـيِه
هَـادِيت عِينِيه بِـنَظـرِتِـين
نَـادِيت عَليه بِـضِحكِتـِين
يِوَصَّـلوا اللِي أنا فِـيه
مَـعنى مَالُوش مَـعـنَـيِـين
مِـن السَّلام اللِي بِـالإِيـدِين
وِمِالكَـلام اللي بِـالعِـينِـين
غِيرإِنِّيِ فَـرحَانَة بِـيه
لَـقِيـتُه قُــدَّامِـي حَـبِـيب أيـَّـامِـي
يَـارِيـتُه يِـبقَـالِي
فَـارِس أحــلَامِـي
اللِي أنا بَستَـنَّـاه
دَا وَأنا بَاصَّالُه
فِيه حَاجَة وَاصلَالُه
وكَام حَاجَة أنا نِفسِي أَشرَحهَالُه
عَن إِحسَاسِي وَيَّـاه
مِن عِـينَـيَّا دِي قَبل دِي
بِكُل حَاجَة فِـيَّا بَـ هَادِيه
وكُل يُوم بَنام وَأقُوم
بِـأَلف إِحسَاس بِـينَادِيه
يَارِيت كَمان أَعيِش زَمان
عَليَ الزَّمَان مَابِين إِيدِيه
وعَندِي إِيه تَاني يرَاضِيه
مَع حـُــــبِّي لِـيِه
إِيـه بَـقَيَ أنَـا مخَـبِـيَـاه
حَبِيبِي شَاف وَأنا مَـعَـاه
كَام اعتِـرَاف مِـقَـدِّمَـاه
عَن اللِي أنَـا حَـاسَّـاه
عِيني الإتنِين سَـهرَانِين
وسَرحَانِين فِيه بِاليومِين
هَشُوفُه إِمتيَ؟ هَـقَابلُه فِين؟
هَـقُولُّــه إِيه بَـعـدِين؟
من عينيا دي"
من عينيا دي ,"من عينيا دي
من عينيا دي
من عينيا دي
مَعَ شُوقِي مَعَ حُـبِّي لِـيِه
هَـادِيت عِينِيه بِـنَظـرِتِـين
نَـادِيت عَليه بِـضِحكِتـِين
يِوَصَّـلوا اللِي أنا فِـيه
مَـعنى مَالُوش مَـعـنَـيِـين
مِـن السَّلام اللِي بِـالإِيـدِين
وِمِالكَـلام اللي بِـالعِـينِـين
غِيرإِنِّيِ فَـرحَانَة بِـيه
لَـقِيـتُه قُــدَّامِـي حَـبِـيب أيـَّـامِـي
يَـارِيـتُه يِـبقَـالِي
فَـارِس أحــلَامِـي
اللِي أنا بَستَـنَّـاه
دَا وَأنا بَاصَّالُه
فِيه حَاجَة وَاصلَالُه
وكَام حَاجَة أنا نِفسِي أَشرَحهَالُه
عَن إِحسَاسِي وَيَّـاه
مِن عِـينَـيَّا دِي قَبل دِي
بِكُل حَاجَة فِـيَّا بَـ هَادِيه
وكُل يُوم بَنام وَأقُوم
بِـأَلف إِحسَاس بِـينَادِيه
يَارِيت كَمان أَعيِش زَمان
عَليَ الزَّمَان مَابِين إِيدِيه
وعَندِي إِيه تَاني يرَاضِيه
مَع حـُــــبِّي لِـيِه
إِيـه بَـقَيَ أنَـا مخَـبِـيَـاه
حَبِيبِي شَاف وَأنا مَـعَـاه
كَام اعتِـرَاف مِـقَـدِّمَـاه
عَن اللِي أنَـا حَـاسَّـاه
عِيني الإتنِين سَـهرَانِين
وسَرحَانِين فِيه بِاليومِين
هَشُوفُه إِمتيَ؟ هَـقَابلُه فِين؟
هَـقُولُّــه إِيه بَـعـدِين؟
من عينيا دي",https://lyricstranslate.com/en/elissa-men-inaya-di-lyrics.html-0,"عين
دى
عين
دى
عين
دى
شوقى
حـبى
لـه
هـد
عين
بـنظـرتـ
نـد
ـضحكتـ
صـل
فـه
ـعنى
الش
مـعـنـيـ
مـن
سلم
بـالايـد
ومالكـلام
بـالعـينـ
غيرانى
ـرح
بـه
ـقـ
قـدامـى
حـبـيب
ـامـى
يـاريـته
يـبقـالى
ـرس
احـلامـى
بستـنـاه
دا
ونا
اصل
حجه
صلل
وكم
حجه
فسى
اشرحهاله
حسسى
ويـ
عـينـ
دى
دى
بكل
حجه
فـا
بـ
هدي
وكل
يوم
بنم
وقم
ـلف
حسس
بـيناديه
يري
كمن
اعش
زمن
زمن
ماب
ايد
عندى
تنى
يرض
حـبى
لـه
ايـ
ـقى
انـ
مخـبـيـاه
حبيبى
شاف
ونا
ـعـ
كام
عتـراف
مـقـدمـاه
انـ
حـسـ
عينى
اتن
ـهر
سرح
يوم
هشف
متى
هـقابل
فين
هـقولـ
ـعـد
عين
دى",نادر عبدالله,جان صليبا,2018,positive,من عينيا دي من عينيا دي من عينيا دي مع شوقي مع حـبي لـيه هـاديت عينيه بـنظـرتـين نـاديت عليه بـضحكتـين يوصـلوا اللي نفسي فـيه مـعنى مالوش مـعـنـيـين مـن السلام اللي بـالإيـدين ومالكـلام اللي بـالعـينـين غيرإني فـرحانة بـيه لـقيـته قــدامـي حـبـيب أيــامـي يـاريـته يـبقـالي فـارس أحــلامـي اللي أنا بستـنـاه دا وأنا باصاله فيه حاجة واصلاله وكام حاجة أنا نفسي أشرحهاله عن إحساسي ويـاه من عـينـيا دي قبل دي بكل حاجة فـيا بـ هاديه وكل يوم بنام وأقوم بـألف إحساس بـيناديه ياريت كمان أعيش زمان علي الزمان مابين إيديه وعندي إيه تاني يراضيه مع حـــــبي لـيه إيـه بـقي أنـا مخـبـيـاه حبيبي شاف وأنا مـعـاه كام اعتـراف مـقـدمـاه عن اللي أنـا حـاسـاه عيني الإتنين سـهرانين وسرحانين فيه باليومين هشوفه إمتي هـقابله فين هـقولــه إيه بـعـدين من عينيا دي
يا ريت,"يا ريت
يا ريت
يا ريت
يا ريت... بقدر إحكي مع حالي ونسّيها الندم
يا ريت... بترجع دموعي تا ضمّها ونسّيها الألم
يا ريت
كان الوفا معك وَفي وما طلع منك
كان الزمن حذرني وقلي إبعد عنك
آه... يا زماني... آه
شو بعمل باللي جواتي
قاتلني وحابس أنفاسي
شو صعبة إنسى حبيبي والأصعب كمّل حياتي
يا ريت
متل هالإيام قلبك كسر قلبي
متل هالإيام صابو العمى قلبي
ما عم إسمعلو دقاتو
ولا بتعنيلي حياتو
شو بيسوى قلبي والعالم يا عمري
وإنت منك جواتو
متل هالإيام كنا أنا وإنت
بقلبك محلي وجوّا قلبي إنت
وبلحظة وقف الحكي
كأنو ملبّك مستحي
يرجع ويشوف عيونك
يا ريتني كنت بوقتها إختفي
يا ريت",https://lyricstranslate.com/en/elissa-yarit-lyrics.html,"ريت
ريت
ريت
ريت
قدر
حكى
حلى
ونس
ندم
ريت
رجع
دموعى
تا
ضمه
ونس
الم
ريت
وفا
معك
وفى
طلع
منك
زمن
حذرنى
قلى
بعد
عنك
زمنى
شو
عمل
بلى
جتى
قاتلنى
حبس
فسى
شو
صعب
نسى
حبيبى
صعب
كمل
حيتى
ريت
متل
هالايام
قلب
كسر
قلبى
متل
هالايام
صبو
عمى
قلبى
عم
علو
دقتو
عنيلى
حيتو
شو
يسى
قلبى
علم
عمرى
ونت
منك
جتو
متل
هالايام
كنا
ونت
قلب
حلى
وجا
قلبى
لحظ
وقف
حكى
كنو
لبك
سحى
رجع
يشف
عين
ريتنى
كنت
بوق
خفى
ريت",صلاح الكردي,صلاح الكردي ,2016,neutral,"يا ريت
يا ريت
يا ريت
يا ريت... بقدر إحكي مع حالي ونسّيها الندم
يا ريت... بترجع دموعي تا ضمّها ونسّيها الألم
يا ريت
كان الوفا معك وَفي وما طلع منك
كان الزمن حذرني وقلي إبعد عنك
آه... يا زماني... آه
شو بعمل باللي جواتي
قاتلني وحابس أنفاسي
شو صعبة إنسى حبيبي والأصعب كمّل حياتي
يا ريت
متل هالإيام قلبك كسر قلبي
متل هالإيام صابو العمى قلبي
ما عم إسمعلو دقاتو
ولا بتعنيلي حياتو
شو بيسوى قلبي والعالم يا عمري
وإنت منك جواتو
متل هالإيام كنا أنا وإنت
بقلبك محلي وجوّا قلبي إنت
وبلحظة وقف الحكي
كأنو ملبّك مستحي
يرجع ويشوف عيونك
يا ريتني كنت بوقتها إختفي
يا ريت"
يا ريت,"يا ريت
يا ريت
يا ريت
يا ريت... بقدر إحكي مع حالي ونسّيها الندم
يا ريت... بترجع دموعي تا ضمّها ونسّيها الألم
يا ريت
كان الوفا معك وَفي وما طلع منك
كان الزمن حذرني وقلي إبعد عنك
آه... يا زماني... آه
شو بعمل باللي جواتي
قاتلني وحابس أنفاسي
شو صعبة إنسى حبيبي والأصعب كمّل حياتي
يا ريت
متل هالإيام قلبك كسر قلبي
متل هالإيام صابو العمى قلبي
ما عم إسمعلو دقاتو
ولا بتعنيلي حياتو
شو بيسوى قلبي والعالم يا عمري
وإنت منك جواتو
متل هالإيام كنا أنا وإنت
بقلبك محلي وجوّا قلبي إنت
وبلحظة وقف الحكي
كأنو ملبّك مستحي
يرجع ويشوف عيونك
يا ريتني كنت بوقتها إختفي
يا ريت",https://lyricstranslate.com/en/elissa-yarit-lyrics.html,"ريت
ريت
ريت
ريت
قدر
حكى
حلى
ونس
ندم
ريت
رجع
دموعى
تا
ضمه
ونس
الم
ريت
وفا
معك
وفى
طلع
منك
زمن
حذرنى
قلى
بعد
عنك
زمنى
شو
عمل
بلى
جتى
قاتلنى
حبس
فسى
شو
صعب
نسى
حبيبى
صعب
كمل
حيتى
ريت
متل
هالايام
قلب
كسر
قلبى
متل
هالايام
صبو
عمى
قلبى
عم
علو
دقتو
عنيلى
حيتو
شو
يسى
قلبى
علم
عمرى
ونت
منك
جتو
متل
هالايام
كنا
ونت
قلب
حلى
وجا
قلبى
لحظ
وقف
حكى
كنو
لبك
سحى
رجع
يشف
عين
ريتنى
كنت
بوق
خفى
ريت",صلاح الكردي,صلاح الكردي ,2016,neutral,يا ريت يا ريت يا ريت يا ريت بقدر إحكي مع حالي ونسيها الندم يا ريت بترجع دموعي تا ضمها ونسيها الألم يا ريت كان الوفا معك وفي وما طلع منك كان الزمن حذرني وقلي إبعد عنك آه يا زماني آه شو بعمل باللي جواتي قاتلني وحابس أنفاسي شو صعبة إنسى حبيبي والأصعب كمل حياتي يا ريت متل هالإيام قلبك كسر قلبي متل هالإيام صابو العمى قلبي ما عم إسمعلو دقاتو ولا بتعنيلي حياتو شو بيسوى قلبي والعالم يا عمري وإنت منك جواتو متل هالإيام كنا نفسي وإنت بقلبك محلي وجوا قلبي إنت وبلحظة وقف الحكي كأنو ملبك مستحي يرجع ويشوف عيونك يا ريتني كنت بوقتها إختفي يا ريت
