Song Title,Lyrics,URL
متخفش مني,"متخفش مني
متخفش مني
متخفش مني
متخفش مني
أنا أللي زيي تخاف عليه
ده أنا أللي زيي مرة
في ألعمر تلاقيه
تعالي حبيبي
مش هنسى حبك مهما كان يا حبيبي
غير حضنك أنت ماليش مكان يا حبيبي
فهمني خايف مني ليه؟
أنا مش حاكمل يوم بعمري
الا بيك
وعشان أعيش
لازم أموت طول عمري فيك
متخفش مني",https://lyricstranslate.com/en/elissa-metkahafsh-minni-lyrics.html
أجمل إحساس,"أجمل إحساس
أجمل إحساس
أجمل إحساس
أجمل إحساس فى الكون، إنك تعشق بجنون و ده حالى معاك
خلتنى اعيش ايام، مليانة بشوق و غرام دوبنى هواك
أجمل إحساس فى الكون، إنك تعشق بجنون و ده حالى معاك
خلتنى اعيش ايام، مليانة بشوق و غرام دوبنى هواك
عاشقاك بجنون روحى انا قلبى المفتون كله منى
وياك بيعيش أحلى هنا، حبيبى أنا، يا روحى أنا
عاشقاك بجنون روحى انا قلبى المفتون كله منى
وياك بيعيش أحلى هنا، حبيبى أنا، يا روحى أنا
يا ويلى يا ناري قولى إزاى أدارى
شوقى و لهفة قلبى فى قربك حتى و احنا سوا
بتنور سنينى و بيكبر حنينى
قرب منى تعالى فى حضنى و املى حياتى هوى
يا ويلى يا ناري قولى إزاى أدارى
شوقى و لهفة قلبى فى قربك حتى و احنا سوا
بتنور سنينى و بيكبر حنينى
قرب منى تعالى فى حضنى و املى حياتى هوى
عاشقاك بجنون روحى انا قلبى المفتون كله منى
وياك بيعيش أحلى هنا، حبيبى أنا، يا روحى أنا
عاشقاك بجنون روحى انا قلبى المفتون كله منى
وياك بيعيش أحلى هنا، حبيبى أنا، يا روحى أنا
غيرنى بثوانى إحساسى اللى جانى
اول مرة احس بالدنيا حلوة فى عينى كدة
ايه اتمنى تانى فيه كل الأمانى
دة انت مليت الدنيا علىَّ بإلأشواق و الهنا
عاشقاك بجنون روحى انا قلبى المفتون كله منى
وياك بيعيش أحلى هنا، حبيبى أنا، يا روحى أنا
عاشقاك بجنون روحى انا قلبى المفتون كله منى
وياك بيعيش أحلى هنا، حبيبى أنا، يا روحى أنا
أجمل إحساس فى الكون، إنك تعشق بجنون و ده حالى معاك
خلتنى اعيش ايام، مليانة بشوق و غرام دوبنى هواك
أجمل إحساس فى الكون، إنك تعشق بجنون و ده حالى معاك
خلتنى اعيش ايام، مليانة بشوق و غرام دوبنى هواك
أجمل إحساس",https://lyricstranslate.com/en/elissa-agmal-ehsas-lyrics.html
أسعد واحدة,"أسعد واحدة
أسعد واحدة
أسعد واحدة
الفرحة اللي أنا فيها دى كلها ترجع ليك
وأناجنبك راضية ومرتاحه لكل مافيك
سيبت أنا كل الدنيا عشانك
وهشاركك
حضنك ومكانك
وبقولك ياحبيبي حياتي أنا ملك ايديك
الفرحة اللي أنا فيها دى كلها ترجع ليك
وأناجنبك راضية ومرتاحه لكل مافيك
سيبت أنا كل الدنيا عشانك
وهشاركك
حضنك ومكانك
وبقولك ياحبيبي حياتي أنا ملك ايديك
مين زينا ياحبيبي الليلة قولي فيه مين
أنا حاسه من كتر الشوق اننا رايحين
علي دنيا حب هتجمعنا
والكون كله ده مش هيسعنا
وهاعيش أسعد واحده أنا وأنت سنين وسنين
ياه علي الفرحة دي اللي أنا فيها
يوم بالدنيا دي ولياليها
ياه علي الفرحة دي اللي أنا فيها
يوم بالدنيا دي ولياليها
وحياتي اللي بحلم بيها
هاعيشهالك حبيبي
وايه تاني في حياتي ناقصني
وأنت في حضني وأنت لامسني
وايه تاني في حياتي ناقصني
وأنت في حضني وأنت لامسني
من كل العيون احرسني أنا ملكك حبيبي
الفرحة اللي أنا فيها دى كلها ترجع ليك
وأناجنبك راضية ومرتاحه لكل مافيك
سيبت أنا كل الدنيا عشانك
وهشاركك
حضنك ومكانك
وبقولك ياحبيبي حياتي أنا ملك ايديك
مين زينا ياحبيبي الليلة قولي فيه مين
أنا حاسه من كتر الشوق اننا رايحين
علي دنيا حب هتجمعنا
والكون كله ده مش هيسعنا
وهاعيش أسعد واحده أنا وأنت سنين وسنين
أسعد واحدة",https://lyricstranslate.com/en/elissa-assad-wahda-lyrics.html
أغلى الحبايب ,"أغلى الحبايب
أغلى الحبايب
أغلى الحبايب
أغلى الحبايب إللي عن حياتي غايب
لو عدي عمري كله مش هنساه
وحياة غلاوته قلبي من فراقه دايب
وحشاني دنيا عشت فيها معاه
مهما في حياتي العمر فات
فكراله أجمل ذكريات
جوايا هتعيش بالسنين
لسه الحنين في القلب ليه
ده إللي إحنا عشنا ليالي فيه
في العمر ميجيش مرّتين
مهما أقابل بعد منه ناس كتيرة
لسه إللي بينا في قلبي زي زمان
والله ما ليّا في الدنيادي غيره سيرة
عمري ما أعزّ عنه روحي كمان
أغلى الحبايب",https://lyricstranslate.com/en/elissa-aghla-el-habayeb-lyrics.html
أنا بستغرب عليه ,"أنا بستغرب عليه
أنا بستغرب عليه
أنا بستغرب عليه
انا بستغرب علیه
من اول ثانیه شافنى
بعنیه الاتنین خطفنى
اول حب یصادفنى
معرفش حصله ایه
انا بستغرب علیه
لیکون فى حد قاله
او شوقى یکون واصله
لو فاتنى العمر کله
یرجع حبى یلاقیه
انا بستغرب علیه
لوحدى طب وماله؟
خلاص مش محتجاله
کل العالم بحاله
ولا یغنى عن سؤاله
بقى بالنسبالى ایه
حب العالم بحاله
فوق کل اللى فى خیاله
ولا عمري هنسهاله
قلبى اللى مشغول علیه
بقى بالنسبالى ایه
دا حبیبى وکل حاجه
دا مسبش فى قلبى حاجه
مش لاقیه انا اى حاجه
توصف احساسى بیه
أنا بستغرب عليه",https://lyricstranslate.com/en/elissa-ana-bastaghrab-alih-lyrics.html
أنا شبه نسيتك,"أنا شبه نسيتك
أنا شبه نسيتك
أنا شبه نسيتك
أنا شبه نسيتك
تقريبا كده بفتكرك
على فترات متباعدة
أنا شبه نسيتك قلبي فـ نسيانك ما بقاش
محتاج أي مساعدة
تلقائي وبالوقت الوجع اللي انا فيه بيروح
وبدأت ألاقي حاجات في حياتي كتيرة أهم
مش بشغل بالي فـ جزء بسيط مجروح في الروح
ده ما فيش جرح بيفضل مفتوح لازم بيلم
كان وضع يحزن والموضوع كان في الأول
مش سهل وصعب عليا
بس أنا بتحسن وبقيت على وشك إن أنسى
وأرجع بعدك طبيعية
ده كلام وبقولو للناس وأنا حاسة بعكسو
متخيل واصلة لإيه
ما هي نظرة شفقة هتخلي الجرح فـ بعدك
جرحين طب هعمل إيه
خلتني أختار بين إني أموت بعدك بهدوء
أو كل الدنيا تشوفني بموت وده مش مقبول
لا أنا قادرة انساك ولا قادرة أعيش
ولا عارفة أفوق
وعشان كده لما في حدا بيسأل لازم أقول
أنا شبه نسيتك
أنا شبه نسيتك",https://lyricstranslate.com/en/elissa-%D8%A3%D9%86%D8%A7-%D8%B4%D8%A8%D9%87-%D9%86%D8%B3%D9%8A%D8%AA%D9%83-lyrics.html
أنا مجنونة,"أنا مجنونة
أنا مجنونة
أنا مجنونة
بالعالم مافي بجنونك
بتغار عليا من عيونك
وعدني اني ما بخونك حتي بنظرة
عم فكر ضيع خيالي تامشي وتعرفني لحالي
ولما بشوفك اقبالي بسرق غمرا
انا مجنونة مثلك صرت قبلك
انا ما بيوم عرفت
قول بحبك لا ما قلت الا معاك
انا مجنونة مثلك صرت قبلك
انا مابيوم عرفت
قول بحبك لا ما قلت الا معاك
من يوم اللي سرقت قلبي
ضاع ومش ذنبك ذنبي
ما تتخيل شو صعبي تكون بعيد
وجودك حبيبي بيحييني
بينورلي كل سنيني
وبحس لما بتحميني خلقت من جديد
انا مجنونة مثلك صرت قبلك
انا ما بيوم عرفت
قول بحبك لا ما قلت الا معاك
أنا مجنونة",https://lyricstranslate.com/en/elissa-ana-magnoona-lyrics.html
أنا و بس ,"بدك تعرف لما بشوفك أنا شو بحس
بحس الدنيي كلا ملكي أنا وبس
بشوف القمر حدي
والهوا عا خدي
وإيديك المخدة
وعينيك بحر وشمس
وبطير
وبطير من كتر الفرح لبعيد
وبصير عم برسم معك مواعيد
ويزيد حبك بالقلب بيزيد
وبروح
وبروح عا دنيي ما فيها هموم
فيها سهر فيها قمر ونجوم
وغيوم... فيها بتنمحي الغيوم
أنا كيف بدي خبرك إني
ما بعيش لحظة لو غبت عني
خليك لو حتى زعلت مني
لا تروح
خليك حدي غمرني بدي ياك
بحبك أنا
بحبك أنا وبهواك
إنساك صعبة يا حلو إنساك
لا تروح",https://lyricstranslate.com/en/elissa-ana-w-bas-lyrics.html
أنا وحيدة,"أنا وحيدة
أنا وحيدة
أنا وحيدة
أنا وحيدة
ده أنا من كتر ما جرالي
بيصعب حالي على حالي
ومش عارفة
منين جاية ورايحة لفين
أنا ضعيفة
ليالي الوحدة دي مخيفة
حياتي مملة وسخيفة
في نفس الدايرة أنا ماشية
بقالي سنين
بنام بس الوجع صاحي
ومين بيحس بجراحي
لإمتى يا قلبي هاتخبي
وإمتى يا روحي ترتاحي
وجاية دنيتي عليا
ومنسية
ساعات ببكي وأنا بغني
ويسرح بيا تفكيري
بطمني وبحضني
ما أنا أصلي ماليش غيري
وبمسح دمعة في عينيا بإيديا
ومش فارق
بقابل ياما وبفارق
ملامح بكرا مش ثابت
بقيت حتى ما بحلمش في يوم أرتاح
وموعودة
بتعبي وخوفي موعودة
حياتي كإنها أوضة
تبان جنة
لكن بابها مالوش مفتاح
أنا وحيدة",https://lyricstranslate.com/en/elissa-ana-wahida-lyrics.html
أنت الطهر يا مريم,"أنت الطهر يا مريم
أنت الطهر يا مريم
أنت الطهر يا مريم
أنت الطهر يا مريم أنقذي لبنان
عطر حبك موجود في كل مكان
أَنْتِ الطّهرَ يا مريم أَنَقْذَي لُبْنَانَ
عُطُرِ حُبَكِ مَوْجُودِ فِي كُلَّ مَكَانَ
يا سلطانة السماوات وجميع المخلوقات
يا سُلْطَانَةً السَّمَاواتَ وَجَمِيعَ الْمَخْلُوقَاتِ
خذيني الى يسوع اشكرك ربي يسوع
حبك يشعل قلبي يا أم يسوع
يأخذني الى دنيا بعيدة عن وادي الدموع
حُبَكُ يُشْعِلُ قُلَّبُي يا أَمْ يسوع
يأخذني الى دنيا بَعيدَةٍ عَنْ وَادِي الدُّموعِ
لا اريد بعدك يا امي وسلطانتي
اريني وَجِهَ يسوع اُشْكُرْكَ رَبَّي يسوع
دفئ عينيك يا امي يسحر القلوب
يا لجمال وجهك القلب يذوب
دَفِئُ عَيِّنِيِكَ يا امي يُسَحِّرُ الْقُلُوبُ
يا لِجِمَالِ وَجْهِكَ الْقلبَ يَذُوبُ
انتي يا باب السماء أم الأمل والرجاء
أريني وجه يسوع أشكرك ربي يسوع
الطهر يا مريم
أنت الطهر يا مريم",https://lyricstranslate.com/en/elissa-anti-al-tohr-ya-mariam-%D8%A3%D9%86%D8%AA-%D8%A7%D9%84%D8%B7%D9%87%D8%B1-%D9%8A%D8%A7-%D9%85%D8%B1%D9%8A%D9%85-lyrics.html
أول مرة,"أول مرة
أول مرة
أول مرة
اول مره تحب يا قلبى واول يوم اتهنى
ياما على نار الحب قالولي
ولقتها من الجنه
اول مره تحب يا قلبى واول يوم اتهني
ياما علي نار الحب قالولي
ولقتها من الجنة
اول مره اول مره
ليه بيقولو الحب أسيه ليه بيقولو شجن ودموع
اول حب يمر عليا قدلي الدنيا فرح وشموع
افرح واملي الدنيا املي
لا انا ولا انت هنعشق تانى
اول مره اول مرة
اول فرحه تمر بقلبي وانا هايم في الدنيا غريب
قولي احكي ولا اخبي ولا اوصفها لكل حبيب
افرح واملي الدنيا املي
لا انا ولا انت هنعشق تانى
اول مره اول مرة
قلبي يعيدلي كل كلامك
كلمه بكلمه يعيدها عليا
لسه شفايفي شايله سلامك
شايله اماره حبك ليا
افرح واملي الدنيا املي
لا انا ولا انت هنعشق تانى
اول مره اول مرة
أول مرة",https://lyricstranslate.com/en/elissa-awel-mara-lyrics.html
أيامى بيك,"أيامى بيك
أيامى بيك
أيامى بيك
وانا اقدر احب من تانى؟
دا انا من وقت للتانى بنادیك
لو انسى قلبى انا فاکر
دا فى الاول وفى الاخر انا لیك
وانا اقدر احب من تانى
دا انا من وقت للتانى بنادیك
وانت اللى مش سامع
وکل الدنیا سمعانى
لو انسا قلبى انا فاکر
دا فى الاول وفى الاخر انا لیك
وبقولها من الاخر
یاریتك تبقى علشانى
حبیت ایامى بیك
وبعشها لیك
ولا عمرى حبيت من قبلیك
طب هنسا لیه
وانا قد ایه کلمت نفسى علیك
دانا ليك
وبعشها لیك
وانا قد ایه
ولا عمرى حبيت
معاک یا حبیبى نستنى
حاجات جوایا تعبتنى
وسنین قبلك مخصماها
معاك دلوقتى صالحتنى
ملیش غیرك انت فى الدنیا
ومفیش فى حیاتى ناس تانیه
وازاى ودى بردة تیجى منى
مفکرش فى هواك ثانیه
بعید او جمبى وانا فاکراك
لو انت فین انا شایفاك
وانا لو مع مین یا حبیبى
بقلبى معاك
أيامى بيك",https://lyricstranslate.com/en/elissa-ayami-beek-lyrics.html
إلى كل اللي بيحبوني ,"إلى كل اللي بيحبوني
إلى كل اللي بيحبوني
إلى كل اللي بيحبوني
إلى كل اللي بيحبوني
انتو وحشتوني اوي وحشتوني
قعدتكوا الحلوة
و لياليكوا الحلوة
انتو الناس الحلوة
ده في عز انتو ما فارقتوني
فقلبي كأنكوا والله
ما سبتوني ولا حتى ثانية
وأنا مع ناس تانية
ومهما بلف الدنيا
يلا يلا
نغني ونسهر
يلا نعوض عمرنا
يلا تعالوا نعيش
طب يلا يلا
نغني ونفرح
دي الثانية اللي تعدي دي والله
بتروح متجيش
يلا يلا
وحشتوني والله والله
وعايزة احضنكم والله
لا متسيبونيش
وحشتوني
وحشتوني
ياما وانا فرحانة
فرحتولي من قلبكو
وفي زعلي زعلتولي
وكلامكم ليا فادني واثرفيا
حضنكوا ده الحنية
احلى حاجة في الدنيا انتو
في القلب انتو يا غاليين سكنتوا
بتطبطوا عليا
وأنا لو يعني عليا
ايوة اديكوا عينيا
إلى كل اللي بيحبوني",https://lyricstranslate.com/en/elissa-ila-kol-elli-bihebbouni-lyrics.html
إلي الله,"إلي الله
إلي الله
إلي الله
إلي الله وإلك الدني
عيش فيها قد ما فيك
أنا والله مقهورة عا حالي
مش زعلاني عليك
سمّيتك فرحة عيني
وخبّيتك حتى من عيني
وبغدرك بكّيتها لعيني
وخاب ظني فيك
من اليوم وبالرايح
بطّل فيها نحنا
من اليوم وبالرايح
اختلفت ملامحنا
إلك الدني اللي اخترتها
وإلي الله الأكبر منك
كل مرة بكذب عا حالي
ولا مرة حسستك شي
هالمرة ما بدها يا غالي
بطّل في حكي نحكيه
إنت هيك وما بتتغير
عيش اليوم قد ما بتقدر
ولما بكرا توعى مأخر
ما بينفع شي
إلي الله",https://lyricstranslate.com/en/elissa-%D8%A5%D9%84%D9%8A-%D8%A7%D9%84%D9%84%D9%87-lyrics.html
إنت ومعي ,"إنت ومعي
إنت ومعي
إنت ومعي
مين قال إنو البكي
من الوجع بيكون؟
ومين قال إنو الدمع
بأرض الحزن مدفون؟
الـقال ماجرب بعد
تبكي فرح العيون
الـقال ماجرب بعد
حدك بيوم يكون
إنت ومعي
عم تختلط كل المشاعر سوا
بضحك وببكي
وبختنق من كتر الهوا
إنت ومعي
انا بنكشف... عم بعترف
عم بكتشف حالي أنا
إنت ومعي
مين قال إنو الوفا
مابين وصف ع اوراق؟
ومين قال إنوالغفا
بيريّح المشتاق؟
الـ قال ماجرب بعد
بس يلتقو العشاق
الـ قال ماجرب بعد
لماالقلب يشتاق
إنت ومعي
حدي الدني كلها بحالة صلا
ودمعة سعادة ومرجلة
آه عم نزلها
إنت ومعي
انا بنأسر... عم برتجل
عم بنتصر ع حالي انا
إنت ومعي
إنت ومعي",https://lyricstranslate.com/en/elissa-enta-w-maii-lyrics.html
ارتاح وعيش ,"ارتاح وعيش
ارتاح وعيش
ارتاح وعيش
هاتمشي ليه؟خليك
ده أنا اللي ماشي من قد إيه
بستنى اليوم ده أنا
ده أنا شايل ياما منك
وقلبي فيه اللي فيه
الله يجازيك
إديتك عمري روحي
ما طمرش فيك
ولا فارق يوم معاك
في عزة فرحة قلبي بيك
جنيت عليه
ارتاح وعيش
لكن ما تحبنيش
وعلى الله يوم ترجع وما تنسانيش
واللي ابتلاك بالحب ده ينسيك
روح خلاص
أنا مستنيني ناس
ناس داووا جرحي
م اللي ما عندوش إحساس
الله معاك يهديك
بعيد خليك
أيام كتير
صعبان عليا حالي
وبقول بخير
للي بيسألني مالي
كان همي أسعد حياتك
لو حتى أعيش حزين
لكن خلاص
م اليوم ده هاخلي بالي
أنا ليا ناس غاليين
خلوني غالي
وإن صدفة يوم قابلتك
ما تقوليش إنت مين
هاني عبد الكريم
ارتاح وعيش",https://lyricstranslate.com/en/elissa-ertah-w-eish-lyrics.html
اغمرني,"اغمرني
اغمرني
اغمرني
كل اللي من قبلك خلاص
راح ومضي
متل الحلم لما فقت
فجأه انقضى
مابدي غيرك
من الدنى ابقي معه
ادعي لربي ان غاب لحظه
ان غاب لحظه
ان غاب لحظه يرجعه
حسيت حدك
كيف باغفي عالهدا
كيف الفرح طيرني
عاأبعد مدى
حسيت مابدى انا غيرك حدا
من لمستك غرق ورد
غرق ورد
غرق ورد
خدي الندي
اغمرني حبيبي لقلبك شد
نسيني الأسى
نسيني عتم الليل
عاأحفاف المسا
كل شى بلاه ماتكون بعمري
ياعمري انتسا
بتفتح الأزهار لما بتلمسك
قلبي نسي حالو
عاإيدين الهوى
صارت حياتي تضحك
ونحنا سوا
نحلم ببكره جديد
عوسع الفضا
تمشي معي
ايد بايد ايد بايد
ايد بايد
عمر الرضا
اغمرني",https://lyricstranslate.com/en/elissa-oghmorni-lyrics.html
افتكرت (باسمع إسمك بادمع) ,"افتكرت (باسمع إسمك بادمع)
افتكرت (باسمع إسمك بادمع)
افتكرت (باسمع إسمك بادمع)
أَفْتَكَرْتِ افْضَلْتِ أَضْحَكْ وَالدُّمُوعَ
افتكرت افضلت اضحك والدموع
أَفْتَكَرْتِ افْضَلْتِ أَضْحَكْ وَالدُّمُوعَ
افتكرت افضلت اضحك والدموع
نْزْلِتْ أَوِي وجِرِيِـتْ أَوِى
وَحَشَتْنِي إِيَّامَكْ أَوِي
مَا تْقُلِّي هُوَّ مَفِيشْ طَرِيقَة
فِيهَا أَنْسَاكْ أَوِي
ومَاقُلْشِ أَهْ أَهْ،
ومَاقُلْشِ أَهْ أَهْ،
ومَاقُلْشِ أَهْ أَاااااه
حَبِيبِي قُولْ كِدَا
ضَاعِتْ كُلِّ الْأَمَانِي
وَانَا مُشْ حَاسْتَنَّى تَانِي
وُاطْفِيلِي النَّارْ كِفَايَّة
نَارِ الْفُرْقَة بِتُوجَع
حَبِيبِي قُولْ كِدَا
عَلَشَانْ مُشْ حَقْدرْ أَسْمَع
كِلْمِةْ إِمْتَا حَتِرْجَع
وُمَفِيشْ دُمُوعَ فَي عَيْنِي
بَسْمَعَ إِسْمَكْ بَدَمَّعَ
بَسْمَع إِسْمَكْ بَدَمَّع
كُلِّ وَقْتَ انَا رُوحْ وَ ادَوَّرْ فِي الْلِي كَانْ
وُاسْتَفاَدْتَ انَا إِيهْ بِصُورَة مِنْ زَمَانْ
كل وقت انا روح و ادور في اللي كان
واستفدت انا ايه بصوره من زمان
مَنَا شُفْتَهَا لِي سِبْتَهَا
يَا رِيتْنِي شِيلْتَكْ مِنَّهَا
أَوْ كُنْتَ حَتَّى مَاشُفْشِ فِيهَا
أَحْلَى دَا إِيَّامْ عَيِشْتَهَا
ومَقُلْشِ أَهْ أَهْ،
ومَقُلْشِ أَهْ أَهْ،
ومَقُلْشِ أَهْ أَاااااه
حبيبي قول كده
ضاعت كل الاماني
وانا مش حاستنى تاني
واطفيلي النار كفاية
نار الفرقة بتوجع
حبيبي قول كده
علشان مش حقدر اسمع
كلمة امتا حترجع
ومفيش دموع في عيني
بسمع اسمك بدمّع
بسمع اسمك بدمّع
افتكرت (باسمع إسمك بادمع)",https://lyricstranslate.com/en/elissa-eftkart-basm3-esmk-bdm3-lyrics.html
الحضن,"الحضن
الحضن
الحضن
بالحضن ياما بتبتدي حكايات
وبتنتهي حكايات
الحضن ياما حاجات بتتقال فيه
الحضن ده إحساس يساوي حياة
وقت الفرح نملاه وقت التعب والآه هنهرب فيه
بالحضن ياما أعز ناس بتغيب
بوداع في حضن حبيب
لحظة إيديه ما تسيب بتبكي عنيه
الحضن ده مين فينا يوم ينساه؟
مين سيرته مش وحشاه؟
ومناه في يوم يلقاه ويجري عليه
الحضن ده أكتر مكان بيشوف دموع الواحدة
وفي حضن بعض بنلاقي راحة منلقهاش في الوحدة
حنيت هتروح من الوحدة فين!
آه يا ريت الحضن لو دام سنين
في الحضن ده بنبان لبعض ضعاف
علشان كده بنخاف
جوّه العيون تتشاف دموعنا عليه
بنحس فيه إحساس غريب بأمان
الحضن روح إنسان
هو أحن مكان بتلجأ ليه
الحضن",https://lyricstranslate.com/en/elissa-el-hodn-lyrics.html
العقد,"العقد
العقد
العقد
بالعقد ده عقدتني
و السلسلة دي حبل و انت خانقني بيه
بص الخاتم في ايد
اسمك مكتوب عليه
ده لوحده ذكرى ليوم ماكانليش حظ فيه
خذ الي ليك و انفضها
وعد الي بيقول كلمة يطلع قدها
مش بأنت جايبلي ايه
لا بأنت اديتلي ايه
و اي وحده اسالها و ده اكيد ردها
الحب دلع وونس وإني ألاقيك
مش بالهدايا وكفاية كنت أبقى ليك
طلباتي كانت بسيطة، عملت إيه؟
انا الحقيقة بصراحة خسارة فيك
وصلتني لمرحلة
ما بقتش قادرة خلاص
و مش متحملة
بستحلي عذابي فيك
ولا ذرة رحمة فيك
و ده شي طبيعي لواحدة عاشت مهملة
لو جبت لي شنط دهب
ما تكفيش عمري الي اتسرق
قصدي اتنهب
الي احنا وصلنا ليه
انت تسببت فيه
و القلب التلج البارد بيطفي اللهب
الحب دلع وونس وإني ألاقيك
مش بالهدايا وكفاية كنت أبقى ليك
طلباتي كانت بسيطة، عملت إيه؟
انا الحقيقة بصراحة خسارة فيك
العقد",https://lyricstranslate.com/en/elissa-el-okd-lyrics.html
انسانة بريئة,"انسانة بريئة
انسانة بريئة
انسانة بريئة
محتاجه حد يخاف عليا مش ابقي خايفه معاه
لو قولت اه الاقيه حضني بجد من جواه
وهقولك ايه وانا كل ده يا حبيبي مش لاقياك
احساسي ايه عمرك في يوم ما سالت حاسه بايه
موت احساسي اللي كنت زمان بحبك بيه
مستني ايه من حد عاش بمشاعره مجني عليه
مكانك كان في قلبي وسيبه يروح
مش لاقيه خلاص حاجه ليك جوايا اسامحك بيها
بقي صعب الاقيها
انسانة بريئة وحبت واحد قال يحميها
بايديك خليتها تكره انها حبت يوم
ولاخر لحظه قلبي انا كان مفتوح
وانا كل ما اسامحك ترجع تجرح تاني وتاني
انا مش لاقياني
وبحس اوي اني غريبه في حضنك ، مش في مكانى
والحاله اللي انا وصلالها معاك مش من يوم
هضحي ليه وايه اللي فاضل تاني اخسره ايه
فكرني حالا بينا ايه انا ممكن ابكي عليه
او حاجه فيك بعد اما اغيب انا ممكن مالقهاش
مابقتش بستناك تجيني او تقول وحشاك
مابقتش مستنيه اعيش يوم جرح تاني معاك
وبقي الكلام عنك ممل وحاجه مابطقهاش
مكانك كان في قلبي وسيبه يروح
مش لاقيه خلاص حاجه ليك جوايا اسامحك بيها
بقي صعب الاقيها
انسانة بريئة وحبت واحد قال يحميها
بايديك خليتها تكره انها حبت يوم
انسانة بريئة",https://lyricstranslate.com/en/elissa-insana-baree2a-lyrics.html
بتمون,"بتمون
بتمون
بتمون
بتمون ع ضحکى انا بتمون
بتمون عالدمعه والك بتمون
بتمون یا قلبى
عینك على قلبى
ماکان یمکن لو ما انت بتکون
معذور لو جن القلب معذور
بعیون عم تغزل حلا معذور
مین اللى ما بیحبك
یا ویلى من قلبك
مغرور قلبك یا حلو مغرور
بتمون على الدقه
ولولا قلب شو بیبقى
حبیبى ان غبت
راح بشقى راح بشقى
عینك على قلبى
شوى و شوى واتوقی
قلبى حنون
ما بیلقى ما بیلقى
بتمون
مابخون لو حبك الی بتخون
بجنون شو بحبك انا بجنون
بتمون یاعمرى
قلبى مش بامرى
صفا بامرك ها القلب مرهون
بتمون",https://lyricstranslate.com/en/elissa-betmoun-lyrics.html
بدي دوب,"بدي دوب
بدي دوب
بدي دوب
عيني عيني عليك
ورموشي حواليك
اسقيني من حبّك
بصرخ لبّيك
مهما لَيلي طال
وزلغط الموّال
بدّي أحساسك
يحملني لَيك
بدّي دوب
قلّي قلّي بجنون
بحُبِّك أنا مجنون
ما بنسى حُبَّك يوم
بدّي دوب
قلّي قلّي بجنون
بحُبِّك أنا مجنون
ما بنسى حُبَّك يوم
يَلَلَلّي قلّي بحبِّك
قلّي قلّي قلّي بحلم
يَلَلَلّي غنّي وصوتَك علّي
غنّي غنّي بِفهَم
لَيلي لَيلي نهار
وعمري كلّو نهار
اغمرني بعيونَك
محّي الأسرار
قلبي قلبي نار
وعم تحرقني النار
بدّي عَ ايدَك
كَفّي المشوار
بدّي دوب
قلّي قلّي بجنون
بحُبِّك أنا مجنون
ما بنسى حُبَّك يوم
دّي دوب
قلّي قلّي بجنون
بحُبِّك أنا مجنون
ما بنسى حُبَّك يوم
يَلَلَلّي قلّي بحبِّك
قلّي قلّي قلّي بحلم
يَلَلَلّي غنّي وصوتَك علّي
غنّي غنّي بِفهَم
يَلَلَلّي قلّي بحبِّك
قلّي قلّي قلّي بحلم
يَلَلَلّي غنّي وصوتَك علّي
غنّي غنّي بِفهَم
يَلَلَلّي قلّي بحبِّك
قلّي قلّي قلّي بحلم
يَلَلَلّي غنّي وصوتَك علّي
غنّي غنّي بِفهَم
يَلَلَلّي قلّي بحبِّك
قلّي قلّي قلّي بحلم
يَلَلَلّي غنّي وصوتَك علّي
غنّي غنّي بِفهَم
بدي دوب",https://lyricstranslate.com/en/elissa-baddy-doub-lyrics.html
برغم الظروف ,"برغم الظروف
برغم الظروف
برغم الظروف
برغم الظروف
وبرغم انى بقيت لوحدى
برغم ان بعده الدنيا
والناس كانو ضدى
واجهت الحاجات دى كلها
وانا ماسكة نفسى
ورغم انى شايفه السكه سد
قدرت اعدى
كابرت وعافرت كتير
عشان انسى اللى راح
وعدت وعاندت كتير
وانا راسى والف سيف
لاغيرله فكره انى مكسورة الجناح
واغيرله فكره ان انا مخلوق ضعيف
انا عمرى ماستضعفنى انسان مهما كان
ده انا بايمانى اقوى من الناس والزمان
والضعف مايجيش الا من ضعف النفوس
وضعف النفوس بيجى من ضعف الايمان
برغم الظروف",https://lyricstranslate.com/en/elissa-beraghm-el-zorouf-lyrics.html
بستناك,"بستناك
بستناك
بستناك
بستناك
ليه اسمع كلامه و احلم معاه و انشد ليه
فجأة الغرام يطلع كلام عشمني بيه
و مين عارف أكيد قابل غرام تاني
و ايه تاني هواه مخبيه
ليه أرضى بعذاب قلبي اللي داب من عشقي ليه
أيام جميلة في عمرنا و هانت عليه
حرام ينسى اللي كان بيننا و ينساني
و انا بس اللي افكر فيه
بستناك و بتمنى اعيش العمر كله حبيبي معاك
و مش عارفة ده امتى الشوق يخلي هواك يتمناك
مش ناسياك وفي بعادك ليالي احلم باني بعيش وياك
نسيت كل اللي بينا ازاي و بعت هواك و بعت هواك
ياه فاتت ليالي صبرت فيها و خدت ايه
غير الفراق اللي أنكتبلي و عشت فيه
و غاب عني و فراق و حبيبي شئ تاني
عذاب مش بالكلام احكيه
ايه معنى الحياة بعدك حاعيشها و احتاج لأيه
لو عالسؤال في اليوم بقول مية ألف إيه
سنين فاتت و لسه عيونه وحشاني و مش بنساه
بستناك و بتمنى اعيش العمر كله حبيبي معاك
و مش عارفة ده امتى الشوق يخلي هواك يتمناك
مش ناسياك وفي بعادك ليالي احلم باني بعيش وياك
نسيت كل اللي بينا ازاي و بعت هواك و بعت هواك
ليه يفارق و يبعد قال و ينساني و روحي معاه
فاتت ليالي صبرت فيها و خدت ايه من بعد هواه
بستناك و بتمنى اعيش العمر كله حبيبي معاك
و مش عارفة ده امتى الشوق يخلي هواك يتمناك
مش ناسياك وفي بعادك ليالي احلم باني بعيش وياك
نسيت كل اللي بينا ازاي و بعت هواك و بعت هواك
بستناك",https://lyricstranslate.com/en/elissa-bastanak-lyrics.html
بطلى تحبيه,"بطلى تحبيه
بطلى تحبيه
بطلى تحبيه
انسيه متفكريش تانى فيه واشغلى نفسك عنه
باى حاجه بطلى تحبيه
وسيبيه ماترجعيش تانى ليه وان حاول هوا
انتى اوعى تسالى فيه
كلام سهل وبسيط بس مين اللى يعمل بيه
ايوة ده كلام بسيط بس مين اللى يعمل بيه
قلبى معدش هادى ولا بحياته راضى لو كان حب
عادى كان مقدور عليه
في عاشقين يتوبو وفى عاشقين يدوبو وانا
حبيت عيوبه واكتر من ده ايه
بقول لسنينى فوتى بعدو يعنى موتى لو سكتت
صوتى قلبى بيناديه
فاكره كل همسه حاسه بكل لمسه فكره انى
انسى بتفكرنى بية
وارميه بذكريات لياليه وبلاش تلحى عليه
او حتى مره تطلبى تقابليه
ولو ايه اوعى تجرى عليه وامنعى دمعة
عنيكى لو صدفه يوم شوفتيه
بطلى تحبيه",https://lyricstranslate.com/en/elissa-bataly-tehebeeh-lyrics.html
بكرا بتشرق شمس العيد ,"بكرا بتشرق شمس العيد
بكرا بتشرق شمس العيد
بكرا بتشرق شمس العيد
بكرا بتشرق شمس العيد
بتبشّر بنهار جديد
عيش اليوم
حب اليوم
اليوم بإيدك بكرا بعيد
إن كنّا الدنيا كلاّ جروح
دمعاتك ما بتفيدك
خلّي الموّال المجروح
يغنّي بليلة عيدك
لا تخلّي الإيام تروح
تروح وتفلت من إيدك
عيش اليوم وحب اليوم
اليوم بإيدك بكرا بعيد
لا تعاتب ورد البستان
شو ذنبن شوكاتو كتار
واشكر ربّك يا إنسان
علّق ع هالشوكي زرار
قطوف الوردي بنيسان
الوردي ما بتعيش نهار
ومتل الوردي عيش اليوم
اليوم بإيدك بكرا بعيد
بكرا بتشرق شمس العيد",https://lyricstranslate.com/en/elissa-bokra-btechroq-shams-el-aied-lyrics.html
بين قلبي وقلبك ,"بين قلبي وقلبك
بين قلبي وقلبك
بين قلبي وقلبك
بين قلبي وقلبك إحساس مابيتقالش كلام
بين روحي وروحك حب يريح أي آلام
أنا وإنت عشان نبقي لبعض إستنينا كتير
وهايفضل حبك في حياتي جوايا كبير
كل الحب اللي عاشوا وقالوا الناس عليه
أكتر منهم يا عمري معاك عشت فيه
وبكل روحي وياك أنا نهار وليل
دانتا الحب اللي تتعاش الدنيا دي بيه
أنا بيك بستقوي بحبك ليا على الأحزان
وف حضنك أو لو شوفتك بلقى الدنيا أمان
يا مالكني بحبك إنت ف قلبي بكل الناس
ومحدش غيرك علمني معني الإحساس
أحمد الجندي
بين قلبي وقلبك",https://lyricstranslate.com/en/elissa-ben-albi-w-albak-lyrics.html
تعبت منَّكْ,"تعبت منَّكْ
تعبت منَّكْ
تعبت منَّكْ
تَعَبْتِ مِنَّكْ
عَشَانْ مَالِيشْ غِيرَكْ وَلَا بَسْتَغْنَى عَنَّكْ
وَعَشَانْ بحبَّكْ
مَالِيشْ مكانْ في زعلي أروحله إلَّا حضنَكْ
وَعَشَانْ مَالِيشْ غِيرَكْ حَبِيبْ
لُو قلْت أَمْشِي
تُوَحَشْنِي قَبْل مَاتِمْشِي خَطْوَة بعِيدَه عَنِّي
تِضْحَكْ فِي وِشِّي
بَمْسَحْ دُمُوعَيْ وبَنْسَى لِيه قللت مَنِّي
وبقُولْ مفيشْ في الْحُبّْ عيبْ
بقلِيلِي بَرْضَى
وَاسْتَنَّى منَّكْ كلمَة حلوَه تقُولْهَا لِيَّا
بَسْمَعْهَا بَهدَى
وَانْسَى ان عيشتي مَعَاكْ أقل مِن الْعَادِيَة
بَصبرْ عَلِيكْ مِنْ حُبِّي فِيكْ
هتْحس إِمْتَا
إِن مفِيشْ فِي ايديَا حَاجَه غِيرِ انَي احِبَّكْ
وِانْ كُنْت سَاكْتَه
فَعَشَانْ مَاتحْرِمْنِيشْ فِي يُومْ مِ الْعيِشَه جنبَكْ
مَاقدَرْش أَعِيشْ غِيرْ بِينْ إيدِيكْ
لِيهْ كُل هَمَّكْ
فِي الدُّنْيَا تِثْبِتْ بَس إِنِّي مِشْ مُهمَّة
وِالرَّأي رَأيَكْ
وَانِّي أَنَا جَنْبَكْ مَلِيشْ وَلَا أَي كِلْمَة
وبَعِيشْ مَعَاكْ صُورَة وخَلَاصْ
أَنَا عِشْتَ عُمْرِي
بَارْضِيكْ وبَاجِي كْتِيرْ أَنَا عَلَى حسَابْ كَرَامْتِي
كَانْ كُل هَمِّي
إِنْ إِنْتَ تغْلَطْ وأَسْمَعَكْ بِتْقُولْ حَبِيبتِي
وَعَشَانْ رِضَاكْ خسرْت نَاسْ
بقليلي برضى
وأُستني منك كلمه حلوه تقولها ليا
بسمعها بهدى
وأنسى اني عيشتي معاك أقل من العاديه
باصبر عليك من حبي فيك
هتحس امتى
ان مفيش في ايديا حاجه غير اني أحبك
وان كنت ساكته
فعشان متحرمنيش في يوم من العيشه جنبك
مقدرش أعيش غير بين ايديك
بقليلي برضى
تعبت منَّكْ",https://lyricstranslate.com/en/elissa-teabt-mennak-lyrics.html
حالة حب,"حالة حب
حالة حب
حالة حب
عايشه حالة حب معاك واخداني وصعب انها
تتكرر تاني وبعيشها لو انت بعيد او قدامي
واخيرا الايام رضيو عليا اخيرا
جيه يا حبيبي اليوم ليا ارتاح من قسوة
ايامي
سيبنى اسرح فيك شويه وانسي ايام ضاعو مني
نفسي عمري يعدي بيا وانت بعنيك دول حضني
وانا جنبك شايفه منك حاجه من ريحه ابويا
حب الدنيا دي جواك ومعاك شايفه حنيه اخويا
وانت هنا معايا بدعي من جوايا
تجمعني الايام بيك ربنا يقبل دعايا
عايشه حالة حب معاك واخداني وصعب
انها تتكرر تاني وبعيشها لو انت بعيد او قدامي
واخيرا الايام رضيو عليا اخيرا جيه
يا حبيبي اليوم ليا ارتاح من قسوة ايامي
كل يوم بينك وبيني مش هيبقي يوم
وعدي بكره ييجي وتلاقيني نفس احساس النهارده
من هنا ورايح سنيني ناويه اعشهالك
بحالها وانا صعب سنيني في يوم
تتعاش غير لانسان يستاهلها
حالة حب",https://lyricstranslate.com/en/elissa-halet-hob-lyrics.html
حب كل حياتي Kol,"حب كل حياتي
حب كل حياتي
حب كل حياتي
حب كل حياتي لقيته وقلبي خلاص اختار
واخيرا فرحة عمري بعيشها انا ليل ونهار
وانت جنبي لأول مرة بحس براحة بال
واللي نفسي اقوله عليك غير اي كلام يتقال
كل غالي يهون يا حبيي فداك
ويهمني ايه غير اني معاك
ايه معني الدنيا دي غير وياك
كل ليلة بتتعاش جنبك بالنسبة لي خيال
جوه مني غلاوتك دايما قلبي على ده الحال
انت أول حب واخر حب هعيش وياه
واللي بيني وبينك احساس اكبر من معناه
كل غالي يهون يا حبيي فداك
ويهمني ايه غير اني معاك
ايه معني الدنيا دي غير وياك
حب كل حياتي",https://lyricstranslate.com/en/elissa-hob-kol-7yaty-lyrics.html
حبة اهتمام,"حبة اهتمام
حبة اهتمام
حبة اهتمام
مش عايزة منك اني أعيش دنيا ولا الأحلام
مش عايزة منك وعد يطلع في النهاية كلام
كل اللي طالباه إني احس بحبة اهتمام
أحلامي ابسط من اللي ممكن يوم تتخيلو
عايزة أما ترمي عليا حمل ابقى قادرة اتحملو
ولو مشيت وياك طريق في الآخر أكملو
مين اللي قلك عالغرام كلو جراح وعذاب
ولحد ايمتى تفتكر هفضل مواربة الباب
هيجيلي وقت وأقول اسيب قبل أما انا اللي اتساب
اوقات كتيرة بقول لنفسي انا كنت مالي في كل ده
كل لما اقول انا لازم أنسى ببقى ليه مترددة
شكلي بقيت بعشق عذابي وع الدموع متعودة
كان كل ماجي أقول اقولك برجع اقول بلاش
وفضلت كاتمة جوا قلبي حاجات وما قلتهاش
وكل مرة أقول مسيرو يحس باللي أنا فيه
كان كل شيء في حياتي صعب أحاول أسهلو
كان الأمل اللي بعيشو بايدك تقتلو
اديني بس سبب اعيش عمري اللي باقي عليه
حبة اهتمام",https://lyricstranslate.com/en/elissa-%D8%AD%D8%A8%D8%A9-%D8%A7%D9%87%D8%AA%D9%85%D8%A7%D9%85-lyrics.html
حكايتي معك,"حكايتي معك
حكايتي معك
حكايتي معك
في أول الحكايات حكايتي معك
بقالي زمان واخدني هواك
و جوة في قلبي ليك أيام ما بتتنسيش
و آخر الحكايات حكايتي معك
خلاص حبيت و أنا اتحبيت و عايشة معك
كأني أول مرة أعيـش
احلف بايه أول ما دق القلب دق القلب ليك
احلف بايه أول ما قلت احب كانت بين اديك
أيامي قبلك تسوى ايه و حياتي بعدك أعيشها ليه
حكايتنا لو يا حبيبي حلم يا ريت تسبني عايشة فيه
في أول الحكايات حكايتي معك
بقالي زمان واخدني هواك و جوة في قلبي ليك أيام ما بتتنسيش
حكايتي معك",https://lyricstranslate.com/en/elissa-hikayti-maak-lyrics.html
حلم الاحلام,"حلم الأحلام
احكيني حبيبي احكيني لصوتك قلبي مشتاق
لونلي سنيني لون الحب وعطر الاشواق
صوتك سحر وغرام عدلي هاك الايام
اول ماقلت بحبك وعشنا حلم الاحلام
احكيني حبيبي ورجعني الماضي الليلات وارسمني
صورة بقلبك واحملني فوق جناح الايام
صوتك سحر وغرام عدلي هاك الايام
اول ماقلت بحبك وعشنا حلم الاحلام
احكيني حبيبي حكايات اكتبلي حرف بكلمات
بستحلى اسمع ضحكاتك بلحب رميوني سهام
صوتك سحر وغرام عدلي هاك الايام
اول ماقلت بحبك وعشنا حلم الاحلام",https://lyricstranslate.com/en/elissa-hilm-al-ahlam-lyrics.html
حلوة يا بلدي ,"حلوة يا بلدي
حلوة يا بلدي
حلوة يا بلدي
كلمه حلوة وكلمتين حلوة يا بلدى
غنوه حلوة وغنوتين حلوة يا بلدي
املي دايما كان يا بلدي
انى ارجعلك يا بلدي
وافضل جنبك علي طول
ذكريات كل اللى فات فاكره يا بلدي
قلبي مليان بحكايات فاكره يا بلدي
اول حب كان في بلدي
مش ممكن هنساه يا بلدي
فين ايام زمان قبل الوداع
كنا بنقول ان الفراق ده مستحيل
وكل دمعه علي الخدين كانت بتسيل
مليانه بامل ان احنا نبقي موجودين
في بحر الحب على الشطين
كلمه حلوة وكلمتين حلوة يا بلدى
غنوه حلوة وغنوتين حلوة يا بلدي
فين حبيب القلب يا بلدي
كان بعيد عنى يا بلدي
وكل ما بغني بفكر فيه
قول يا حبيبي انت سايبني ورايح فين
اجمل لحن ده هنغنيه احنا الاتنين
يامحلي كلمه بلدي في غنوه من سطرين
يا ليل يا عين يا عين يا ليلي
حلوة يا بلدي",https://lyricstranslate.com/en/elissa-helwa-ya-baladi-lyrics.html
خد بالك عليا ,"خد بالك عليا
خد بالك عليا
خد بالك عليا
خد بالك عليا
دي مش معامله تعاملني بيها
وابقى افتكر ليا
ايام تعبت عشانك فيها
ياريتك بس تفهمني ومتستهونش
بواحده تبقى مجروحه ومبتبينش
دي الواحده قد ما تضحي وتستحمل
اول ما بتفكر تنسى ما بتستأذنش
كان في حاجات ناقصاك وانا كملتها
وحاجات كتير مش حلوه فيك جملتها
انا فرصه لو ضيعتها هتزعل عليها
مين غيري عايشه تخاف عليك طول عمرها
مين غيري هتسيب روحها ليك لو سبتها
مين غيري لو تحتاجلها قوام هتلاقيها؟
خد بالك عليا",https://lyricstranslate.com/en/elissa-khod-balak-alaya-lyrics.html
خليني أعيش,"خليني أعيش
خليني أعيش
خليني أعيش
معقول انا جنبك هنا
عايشه بشوق مابينتهيش
من اللحظة دي عمري إبتدا
من الحلم ده ماتصحنيش
خليني اعيش وانا بين إيديك
ماتغبش يوم بعدك ماليش
مايكفنيش في الشوق إليك
مليون غرام مايكفنيش
من ده اللي يقدر يبعدك
عني ويسرق حبنا
انا من الليلة دي بوعدك
على طول حانبقى لبعدنا
خليني أعيش",https://lyricstranslate.com/en/elissa-khalini-a3ish-%D8%AE%D9%84%D9%8A%D9%86%D9%8A-%D8%A3%D8%B9%D9%8A%D8%B4-lyrics.html
رمشة عین,"رمشة عین
رمشة عین
رمشة عین
قللي كيف برمشه عين
حن الليل وصار يطول
صارت عين تقابل عين
عينك تسال عيني تقول
قللي كيف برمشه عين
قللي كيف برمشه عين
حن الليل وصار يطول
قللي كيف برمشه عين
حن الليل وصار يطول
صارت عين تقابل عين
عينك تسال عيني تقول
قللي كيف برمشه عين
قللي كيف برمشه عين
حن الليل وصار يطول
ومن مين قللي سارق حلا العيون
ما بقول لا مابقول
صارحني يامجنون
ومين قللي مش من حلا انسان
بدي الحلا يحكي ويروي قلب عطشان
ناديني
فزعانه
ودفيني
بردانه
ودفي قلبي منك آه و آه من قلبي اللي مال وقال
ناديني
فزعانه
ودفيني
بردانه
ودفي قلبي منك آه و آه من قلبي اللي مال وقال
قللي كيف برمشه عين
حن الليل وصار يطول
صارت عين تقابل عين
عينك تسال عيني تقول
قللي كيف برمشه عين
قللي كيف برمشه عين
حن الليل وصار يطول
قللي كيف برمشه عين
حن الليل وصار يطول
صارت عين تقابل عين
عينك تسال عيني تقول
قللي كيف برمشه عين
قللي كيف برمشه عين
حن الليل وصار يطول
ومن مين قللي سارق حلا العيون
ما بقول لا مابقول
صارحني يامجنون
ومين قللي مش من حلا انسان
بدي الحلا يحكي ويروي قلب عطشان
ناديني
فزعانه
ودفيني
بردانه
ودفي قلبي منك آه و آه من قلبي اللي مال وقال
ناديني
فزعانه
ودفيني
بردانه
ودفي قلبي منك آه و آه من قلبي اللي مال وقال
ناديني
فزعانه
ودفيني
بردانه
ودفي قلبي منك آه و آه من قلبي اللي مال وقال
ناديني
فزعانه
ودفيني
بردانه
ودفي قلبي منك آه و آه من قلبي اللي مال وقال
ناديني
فزعانه
ودفيني
بردانه
ودفي قلبي منك آه و آه من قلبي اللي مال وقال
ناديني
فزعانه
رمشة عین",https://lyricstranslate.com/en/elissa-ramchet-ayn-lyrics.html
زكريا,"زكريا
زكريا
زكريا
زكريا
بهدي لعيونك فرحني ودمعاتي في عنيا
زكريا
لو اغني ليك ميكفينيش الف اغنيه
زكريا
والله واحشني وبدوب والعشق فيك غيه
زكريا
علطول في سيرتك ياللى صورتك باينه اهي عليا
زكريا
وحشاني ايام البلد بيتنا اللى في الضاحية
زكريا
الذكرى بتعيش للأبد بين القلوب تحيا
زكريا......
يا ابويا يا ابو المغرمين فاكر ليالينا
زكريا.....
علطول في بالي وفخيالي نايمه او صاحيه
ياليالي تعالى وعودي حرري وطني وحدودي
انا دمعي مغرق عودي واناهشكى لمين غير الله
بطلي يا دموعي تزيدي نوري يا شموعي و ايدي
يا ما خدني يا ناس من ايدي وارتحت فحضنه من الآه
زكريا........
كانت عيونك طيبه وصوتك مليان شجن
زكريا.......
رغم الليالي المتعبه شاغلك حب الوطن
زكريا
يا ما كنت الف الكون كتير وارجع اغنيلك
زكريا
تضحك في حزنك ياللي حضنك احلى دار وسكن
زكريا.......
انا فاكره تفاصيل المكان ولمتنا ليله العيد
زكريا
انا شايفه فيك ايام زمان أطفال ولبس جديد
زكريا.........
احساس برآءه ميتحكيش عايش في وجداني
زكريا
يا وحشني كلك مهما اقولك الف مره هعيد
ياليالي تعالى وعودي حرري وطني وحدودي
انا دمعي مغرق عودي واناهشكى لمين غير الله
بطلي يا دموعي تزيدي نوري يا شموعي و ايدي
يا ما خدني يا ناس من ايدي وارتحت فحضنه من الآه
زكريا
زكريا",https://lyricstranslate.com/en/elissa-zakaria-%D8%B2%D9%83%D8%B1%D9%8A%D8%A7-lyrics.html
زهرة من الياسمين ,"زهرة من الياسمين
زهرة من الياسمين
زهرة من الياسمين
أنا أهلك أنا حبابك
أنا العطر اللي ع تيابك
أنا الطيون والزيتون
وصفحة بيضة بكتابك
أنا أهلك أنا حبابك
أنا العطر اللي ع تيابك
أنا الطيون والزيتون
وصفحة بيضة بكتابك
أنا زهرة من الياسمين
مليانة عشق وحنين
وبياضي من تلج صنين
وحضني الدافي بترابك
أنا زهرة من الياسمين
مليانة عشق وحنين
وبياضي من تلج صنين
وحضني الدافي بترابك
يا وطني الحب بعتلك
هوا النسمات تيقلك
أنا عشقي الك كلك
وعمري كلو عحسابك
يا وطني الحب بعتلك
هوا النسمات تيقلك
أنا عشقي الك كلك
وعمري كلو عحسابك
أنا زهرة من الياسمين
مليانة عشق وحنين
وبياضي من تلج صنين
وحضني الدافي بترابك
وطني يا دفا الايام
وذكرى الحب والاحلام
أرضك للمحبة سلام
وفاتح للدنيي بوابك
وطني يا دفا الايام
وذكرى الحب والاحلام
أرضك للمحبة سلام
وفاتح للدنيي بوابك
أنا زهرة من الياسمين
مليانة عشق وحنين
وبياضي من تلج صنين
وحضني الدافي بترابك
أنا أهلك أنا حبابك
أنا العطر اللي ع تيابك
أنا الطيون والزيتون
وصفحة بيضة بكتابك
أنا زهرة من الياسمين
مليانة عشق وحنين
وبياضي من تلج صنين
وحضني الدافي بترابك
أنا أهلك أنا حبابك
زهرة من الياسمين",https://lyricstranslate.com/en/elissa-zahra-men-el-yasmine-lyrics.html
سألنا,"سألنا
سألنا
سألنا
سألنا, ماقدرنا نجاوب, خجلنا, منعنا نجاوب, املنا يفهمنا و ما يسال اه
سألنا, ماقدرنا نجاوب, خجلنا, منعنا نجاوب, املنا يفهمنا و ما يسال اه
بعدو عذبنا قربو تعبنا ناديتو بقلبي لاقيتو وبسهر عيني وبغفى عيني شو حبيتو
ياليلي ويلي ويل حالي اه لو قلبي تمنى و ما غنى
ياليلي ويلي ويل حالي من حنان تهنى و ما غنى
حبينا, ما عرفنا نحكي, عنينا بتحكي وشو بتحكي, انتهينا ما نسينا نتامل
ياما سهرنا ياما تاخرنا و بسهر عيني وبغفى عيني شو حبيتو
ياليلي ويلي ويل حالي اه لو قلبي تمنى و ما غنى
ياليلي ويلي ويل حالي من حنان تهنى و ما غنى
سألنا, ماقدرنا نجاوب, خجلنا, منعنا نجاوب, املنا يفهمنا و ما يسال اه
بعدو عذبنا قربو تعبنا ناديتو بقلبي لاقيتو وبسهر عيني وبغفى عيني شو حبيتو
ياليلي ويلي ويل حالي اه لو قلبي تمنى و ما غنى
ياليلي ويلي ويل حالي من حنان تهنى و ما غنى
جميلة جميلة
سألنا",https://lyricstranslate.com/en/elissa-saalna-lyrics.html
سلملي عليه,"سلملي عليه
سلملي عليه
سلملي عليه
سلملی علیه روح و سلملی علیه
قلو مشتاقه لیه
هوی الما فی متلو حدا حبیببی ع طول المدى
روح و سلملی علیه
سلملی علیه روح و سلملی علیه
قلو مشتاقه لیه
هوی الما فی متلو حدا حبیببی ع طول المدى
روح و سلملی علیه
مشتاقه کتیر نرجع نتلاقى یوم
ننسى العتب واللوم
نحکی سوى، نضحک سوى
نتمشى ع دروب الهوى
نام و اصحى ع ایدایه
روح قلو غیرو ما بیحکی
تسلملی ریتا هالضحکی
شو بحبا واسالوا برکی على حالو
على حالو
بعدو ع الفرقى وبیحلم
متلی بالملقى
او بخطر حتى لو سرقه
على بالو
سلملی علیه
روح وهیدا العنوان
شفلی ان کننو زعلان
او غیری ع قلبوداهتدى
بداری حبیبی من الندى من النسمه اللی حوالیه
روح قلو غیرو ما بدی
من حبو بالدینی أدی
و ودیلو هالعمر ودی
بسلامی
واحکیلو
هالعمر مرقه یرجعلی نسعد ونشثى
وشو بتحلى لو سوى نبقى
ایامی
سلملی علیه روح و سلملی علیه
قلو مشتاقه لیه
هوی الما فی متلو حدا حبیببی ع طول المدى
روح و سلملی علیه
مشتاقه کتیر نرجع نتلاقى یوم
ننسى العتب واللوم
نحکی سوى، نضحک سوى
نتمشى ع دروب الهوى
نام و اصحى ع ایدایه
سلملي عليه",https://lyricstranslate.com/en/elissa-sallemly-aley-%D8%B3%D9%84%D9%85%D9%84%D9%8A-%D8%B9%D9%84%D9%8A%D9%87-lyrics.html
سهرنا يا ليل,"سهرنا يا ليل
سهرنا يا ليل
سهرنا يا ليل
سهرنا يا ليل للصبح يا ليل
و أمانة ما تمشي يا قمر الليل
آه يا محلا الليل ويا حبيبي
ده حياتي معاه بقى ليها حياة
لو هفضل طول الليل حاضناه
مش هشبع من حضن حبيبي
استني يا شمس بقى استني
مش عايزة حبيبي يروح مني
متجيش وحياتك دلوقتي
أصل انا لسه مخدتش وقتي
عايزة أسهر مرة على طريقتي
و أتهنى لحد الصبح معاه
استني يا شمس كمان حبة
محتاجة اني بحضنه اتخبى
وقّف يا زمان ساعتك ليلة
دي السهرة بقت جنبه جميلة
وحياتي مجتش من الليلة
دانا قلبي ما صدق يبقى معاه
هنغني يا ليل للصبح يا ليل
و أمانة ما تمشي يا قمر الليل
آه يا محلا الليل ويا حبيبي
وأمانة عليك آه يا ليل طول
وحياتنا لترجع من الأول
خليك سهران حبة معانا
الليلة أنا أسعد إنسانة
لو هفضل ميت ليل سهرانة
مش هتعب برضه مدام وياه
سهرنا يا ليل",https://lyricstranslate.com/en/elissa-%D8%B3%D9%87%D8%B1%D9%86%D8%A7-%D9%8A%D8%A7-%D9%84%D9%8A%D9%84-lyrics.html
شاغلني,"شاغلني
شاغلني
شاغلني
شاغلني وشاغل بالي عيني عليك يا غالي
و لا غير هواك يحلا لي حبك غير لي أحوالي
شاغلني وشاغل بالي عيني عليك يا غالي
و لا غير هواك يحلا لي حبك غير لي أحوالي
يا شوقي ليك يانا يا شوقي ليك يانا يا شوقي ليك يا شوقي
يا شوقي ليك يانا يا شوقي ليك يانا يا شوقي ليك يا شوقي
يا شوقي ليك يانا يا شوقي ليك يانا يا شوقي ليك يا شوقي
يا شوقي ليك يانا يا شوقي ليك يانا يا شوقي ليك يا شوقي
عيني ما نامت ليلة ليالي الحب طويلة
بشتاق لعنيك الجميلة و أنا بستناك كل ليلة
عيني ما نامت ليلة ليالي الحب طويلة
بشتاق لعنيك الجميلة و أنا بستناك كل ليلة
يا شوقي ليك يانا يا شوقي ليك يانا يا شوقي ليك يا شوقي
يا شوقي ليك يانا يا شوقي ليك يانا يا شوقي ليك يا شوقي
يا شوقي ليك يانا يا شوقي ليك يانا يا شوقي ليك يا شوقي
يا شوقي ليك يانا يا شوقي ليك يانا يا شوقي ليك يا شوقي
شاغلني
يا عيني عليك",https://lyricstranslate.com/en/elissa-shaghilny-lyrics.html
شافونا اتنين,"شافونا اتنين
شافونا اتنين
شافونا اتنين
شافونا اتنين قالوا يا عين
وين ما بنكون عم بنكون
بعيون وين ما كان
خبرني وين نتلاقى وين
انا قلبي حامل حبك وين وين ما كان
يا عمري الي اوعا تفلي وين تروح
يا حالي خلي حالك خلي حدي ولا تروح
تلاقيني ببقى احبك وارد المشوار
وبغني عني وعنك ليل نهار
شافونا اتنين قالوا يا عين
وين ما بنكون عم بنكون
بعيون وين ما كان
خبرني وين نتلاقى وين
انا قلبي حامل حبك وين وين ما كان
يا عيوني ظلي قبالو ظلي شمس نهار
يا فرحه طلي علينا هلي هني المشوار
شو بدي بد عيونو كل الاهات
من قلبو بدي حبو يبقى نار
شافونا اتنين قالوا يا عين
وين ما بنكون عم بنكون
بعيون وين ما كان
خبرني وين نتلاقى وين
انا قلبي حامل حبك وين وين ما كان
شافونا اتنين",https://lyricstranslate.com/en/elissa-shafoona-tenain-lyrics.html
شلتك من قلبي ,"شلتك من قلبي
شلتك من قلبي
شلتك من قلبي
يا ليل هالعمر عم يسرقنا
و انا الي بخاف من ناره تحرقنا و تفرقنا
معقول تنساني بالمرة
و انت ع طول ببالي عن حالي اسئلني مرة
ما بحبك لا انسى يللي كان
ما عندك لا بقلبي اي مكان
شلتك من قلبي و افكاري
ما تسئلني عن اخباري
انا و لا مرة بقربك انا
عرفت الامان
شلتك من قلبي و افكاري
ما تسئلني عن اخباري
انا و لا مرة بقربك انا
عرفت الامان
يا ليل هالعمر عم يسرقنا
و انا الي بخاف من ناره تحرقنا و تفرقنا
معقول تنساني بالمرة
و انت ع طول ببالي عن حالي اسئلني مرة
ما بحبك لا انسى يللي كان
ما عندك لا بقلبي اي مكان
شلتك من قلبي و افكاري
ما تسئلني عن اخباري
انا و لا مرة بقربك انا
عرفت الامان
شلتك من قلبي و افكاري
ما تسئلني عن اخباري
انا و لا مرة بقربك انا
عرفت الامان
شلتك من قلبي",https://lyricstranslate.com/en/elissa-shiltak-min-albi-lyrics.html
شو الحل ,"شو الحل
كيف تنسى الهوا وتروح
والقلب مجروح وآآآآآآآه منك آه اخدت الروح
قول عني ليش صرت بعيد عني بعيد
شو غيرك يا حبيبي بخاف
بخاف أسألك
انت حبيبي بس وحدك بس
وانا لغيرك لا انا ما بحن
لا ما بظن ابدا غيرك شي مرة حب
وانا قلبي بعدك ما بحياتوا دق
ابدا لا لو بظل حدي ظل معي بتبقى
وما تفل شو الحل ما يشوفك حدا
شو الحل
لا مش انت يللي كنت تقول رح نبقى سوا
وبتحميني من غدر الهوا
انت حبيبي بس وحدك بس
وانا لغيرك لا انا ما بحن
لا ما بظن ابدا غيرك شي مرة حب
وانا قلبي بعدك ما بحياتوا دق
ابدا لا لو بظل حدي ظل معي بتبقى
وما تفل شو الحل ما يشوفك حدا
شو الحل",https://lyricstranslate.com/en/elissa-shou-al-hal-lyrics.html
صاحبة رأي,"صاحبة رأي
صاحبة رأي
صاحبة رأي
أنا صاحبة رأي وعايشة حياتي في وجهة نظري
ما بقولش كلام من ورا قلبي مش مؤمنة بيه
وأبويا علمني ما خفش ودايما أواجه قدري
وما دام على حق ما خفش دا مبدأ عايشة عليه
أنا واضحة وضوح الشمس في عز الضهر وفي عز الصيف
أيامي ساعات من فصل ربيع تقلب على فصل خريف
لكن لوني واحد مش بمشي بألوان الطيف
وفي ناس بتشوفني قوية وناس بتشوفني حد ضعيف
أنا حاجة من كل حاجة... أنا حالة برا التصنيف
وأهم نقاط قوتي محافظة على قلب نضيف
في مواقفي الصعبة أنا اتحديت اليأس بأملي
ما بحبش أسقف للغلطان ولساني صريح
وما حدش كاسر عيني الناس تشهدلي بعملي
من صغري بكافح ما اتهزتش قصاد الريح
صاحبة رأي",https://lyricstranslate.com/en/elissa-%D8%B5%D8%A7%D8%AD%D8%A8%D8%A9-%D8%B1%D8%A3%D9%8A-lyrics.html
ضماير,"ضماير
ضماير
ضماير
ضماير ضماير
بتجري في دواير
تحقق مكاسب, تسبب خساير
ضماير تشوفها عيون البصاير
تزود مطامع تحدد مصاير
ياما ياما ياما, ياما ياما ياما
ياما جوا الضماير
ناس ضميرها فيها يدبح
لحبه صغاير
وناس ضميرها عادي يسمح
لأكبر كباير
وناس ما بينها وبين ضميرها
بتنزل ستاير
وناس ضميرها جاي ورايح
داير وحاير
ياما ياما ياما, ياما ياما ياما
ياما جوا الضماير
ناس عشان ضميرها صاحي
أهي بتتعاير
وناس عشان ينام ضميرها
تقولك بساير
وناس ما بتبررش اصلاً
وضميرها بزراير
وناس ياعيني كتير ضحايا
عغياب الضماير
ضماير ضماير
بتجري في دواير
تحقق مكاسب, تسبب خساير
ضماير",https://lyricstranslate.com/en/elissa-damayer-lyrics.html
ع بالی حبیبی ,"ع بالی حبیبی
ع بالی حبیبی
ع بالی حبیبی
ع بالی حبیبی ع بالی حبیبی
اغمرك ما اترکك و اسرقك ما رجعك
احبسك ما طلعك من قلبی ولا یوم
اخطفلك نظراتك ضحکاتك حرکاتك
علقون بغرفتی نیمن ع فرشتی
احلمن ب غفوتی ت یحلا بعینی النوم
ع بالی حبیبی
لیلة اللی البسلك الابیض
وصیر ملکك والدینی تشهد
وجیب منك انت طفلك انت متلك انت
ع بالی حبیبی
عیش حدك عمر او اکتر وحب یکبر کل ما نکبر
وشیب لما تشیب عمری یغیب لما تغیب
ع بالی حبیبی
ع بالی تكملنی واسمك تحملنی
بقلبك تخبینی من الدینیی تحمینی
وتمحي من سنینی کل لحظه عشتا بلاك
وع بالی تجرحنی لحتى تصالحني
بلمسه حنونه بغمرة مجنونة
وما غمض عیونی الا انا ویاك
ع بالی حبیبی
لیلة اللی البسلك الالبیض
وصیر ملكك والدینی تشهد
وجیب منك انت طفلك انت متلك انت
ع بالی حبیبی
عیش حدك عمر او اکتر وحب یكبر کل ما نكبر
وشیب لما تشیب عمری یغیب لما تغیب
ع بالی حبیبی
ع بالی حبیبی",https://lyricstranslate.com/en/elissa-aa-bali-habibi-lyrics.html
عالمخفي,"عالمخفي
عالمخفي
عالمخفي
مافينا هيك نضل
قصتنا عالمخفي
دخلك لاقيلي حل
مش قادرة كفي
لا بدى فل واتركك
ولا فيي ضل واعشقك
والله ضميرى مأنبني
طعم الخيانة تاعبني
فينا الخطايا مكومة
وعم ندعي العفة
انا شاردة وعم ضل قلقانة
مش عارفة حكايتنا شو حلها
كتافي ندم وهموم مليانة
متل اللي عادتني الدني كلها
ما اوئحو قلبي اللي بيحبك
هدو الغلط مش قادر يهدك
بيعرف طريقه صعب اخرها
هامل حياته وماشي عا دربك
سليم عساف
عالمخفي",https://lyricstranslate.com/en/elissa-al-mekhfi-lyrics.html
عايشالك,"عايشالك احلى سنين
في العمر يا ضى العين
و بقلبي يا غالي حنين
و غرام من اول يوم في هواك
كان حلمي اكون وياك
لو يوم من عمري معاك
و كتير و انا بتمناك
يا حبيب القلب و بستناك
قربني حبيبي كمان
انا شوقي اليك ولهان
آملالي الدنيا حنان
نسيني معاك كل الاحزان
عشقاك و انا مهما اقول
انا روحي معاك على طول
دنى انا قلبي كتير مشغول
يا حبيب العمر بقالي زمان
عايشالك احلى سنين
في العمر يا ضى العين
و بقلبي يا غالي حنين
و غرام من اول يوم في هواك
كان حلمي اكون وياك
لو يوم من عمري معاك
و كتير و انا بتمناك
يا حبيب القلب و بستناك
عايشالك
اه قربني",https://lyricstranslate.com/en/elissa-ayshalak-lyrics.html
عشت وشفت ,"عشت وشفت
عشت وشفت
عشت وشفت
يهدالي بال ازاي
وازاي انام وارتاح
مبقتش مطمنة
ومخونة الباقيين
ولا اللي سابنا ومشي
بنجيبو بعد ما راح
ولا الحياة تضمن
ف وسط ناس خاينين
انا عشت وشفت الجبروت
الرحمة يا اهل الله
الناس مستهونة بالموت
ويا رب صبرنا
دنيا ولا
عايشين مع ديابة
عجبي علي فكرها متسابة
يا ساتر
من شر وغل البني آدمين
يا عالم
انتو اتعلمتوا القسوة دي فين
نهايته
ياللي متعرفش حرام ولا عيب
ايماني
ربنا عدله عمره ما بيسيب
عشت وشفت
يا عالِم",https://lyricstranslate.com/en/elissa-eisht-w-shoft-lyrics.html
عظيمة,"عظيمة
عظيمة
عظيمة
كنت دايما تحت ضغط
كنت دايما تحت رحمة حبي ليك
كنت مش بلاقيلي شط
كنت بغرق كل ما استنجدت بيك
كنت دايما حاسة جنبك بالهزيمة
لما ببقى وراك وما تشوفنيش عظيمة
اكتأبت كتير بسببك
وارتبكت فـ عيشتي جنبك
وارتكبت فـ حق نفسي معاك جريمة
كنت دايما جوه وهم
وكنت مستنية فرصة عشان أفوق
جهل مني ونقص فهم
حسن نية خلوا حالتي معاك تسوء
كنت دايما حاسة جنبك بالهزيمة
لما ببقى وراك وما تشوفنيش عظيمة
كنت فاكرة إن إنت عيلتي
بيتي والناس اللي حيلتي
والنهاية لقيتني عايشة معاك يتيمة
عظيمة",https://lyricstranslate.com/en/elissa-%D8%B9%D8%B8%D9%8A%D9%85%D8%A9-lyrics.html
عكس اللي شايفينها ,"عكس اللي شايفينها
عكس اللي شايفينها
عكس اللي شايفينها
و قالوا سعيدة في حياتها
واصلة لكل أحلامها
وباينة عليها فرحتها
في ضحكتها وفي كلامها
وعايشة كأنها في جنة
وكل الدنيا مالكاها
وقالوا عنيدة وقوية
مبيأثرش شئ فيها
محدش في الحياة يقدر
يمشي كلمته عليها
هتحلم ليه وتتمنى؟
مفيش ولا حاجة ناقصاها
ومن جوايا انا عكس اللي شايفينها
وع الجرح اللي فيها ربنا يعينها
ساعات الضحكة بتداري في جرح كبير
ساعات في حاجات مبنحبش نبيّنها
كتير انا ببقى من جوايا بتألِّم
ومليون حاجة كاتماها بتوجعني
بيبقى نفسي أحكي لحد وأتكلم
وعزّة نفسي هيّا إللي بتمنعني
سنين وأنا عايشة في مشاكلي
وبعمل اني ناسياها
وحكموا عليّا من شكلي
ومن العيشة إللي عايشاها
أنا أوقات أبان هادية
ومن جوايا نار قايدة
ولو يوم اللي حسدوني
يعيشوا مكاني لو ثانية
ولو شافوا اللي أنا شفته
هيتمنوا حياة تانية
ولو أحكي عن اللي انا فيه
هتفرق ايه؟ ايه الفايدة!
فتاة شرقيه
عكس اللي شايفينها",https://lyricstranslate.com/en/elissa-aaks-elli-shayfenha-lyrics.html
على حس حكايتنا,"على حس حكايتنا
على حس حكايتنا
على حس حكايتنا
في ذكريات عايشة معانا لحد نهايتنا
وتعبت أعيش في البعد أنا... على حس حكايتنا
يرضيك تغيب وأغيب ونبقى نهينا دنيتنا
قولي أعمل إيه
وده يرضي مين إن الغرام يصبح خلاص ماضي
كذب اللي قال بعد الفراق... هنسى وهعيش عادي
يا حبيبي أنا إرجع عشان عايزاك هنا قصادي
ليه تسيبني ليه
لالا إزاي ناسيني ولالا
لالا آه يا ضي عيني ليه عايزني أنساك
فينك غايب عليا... فينك واحش عينيا
ليه تنسى زمان
ياما بعدك تعبني وياما
ياما دي الفرقة سايبة علامة
فينك غايب عليا... فينك واحش عينيا
ليه تنسى زمان
بسرح كتير واسأل في نفسي ازاي تودعني
ويا رب خير أو صدفة أقابلك فيها تسمعني
أصل إنت غير فا بلاش تسيب الفرقة توجعني
بعدك ماليش
مش قلت عني إنك مافيش عندك غيري حبيبة
بتحب حد تسيبه ليه دي الدنيا دي غريبة
أنا ليل نهار بستنى تيجي نعوض الغيبة
ومعاك أعيش
على حس حكايتنا",https://lyricstranslate.com/en/elissa-%D8%B9%D9%84%D9%89-%D8%AD%D8%B3-%D8%AD%D9%83%D8%A7%D9%8A%D8%AA%D9%86%D8%A7-lyrics.html
على دربك,"على دربك
على دربك
على دربك
على دربك على قدرك
خطوة وخطوة تمشي
والنجمة الليلة بعرسك
بإيدك تقلب كمشة
على دربك على قدرك
خطوة وخطوة تمشي
والنجمة الليلة بعرسك
بإيدك تقلب كمشة
يا رب انت السامع
صوتي لصوبك طالع
بدعي لأغلى انسانة
يا ربي انت العاطي
الليلة بتسمع دعواتي
فرحك تحضن إيماني
مندورة أيامك
للورد وللياسمين
يا عروسة أحلامي
يا أميرة هالحلوين
مندورة أيامك
للحب وأحلى سنين
يا عروسة أحلامي
يا أميرة هالحلوين
يا حنونة ونسم الريح
عالكل وجودك نعمة
دللتي بعطفك بيك
غيرتي حياتي يا امي
يا حنونة ونسم الريح
عالكل وجودك نعمة
دللتي بعطفك بيك
غيرتي حياتي يا امي
على دربك على قدرك
خطوة وخطوة تمشي
والنجمة يا بنتي بعرسك
بإيدك تقلب كمشة
على دربك",https://lyricstranslate.com/en/elissa-ala-darbek-lyrics.html
عم ثور,"عم ثور
عم ثور
عم ثور
عم ثور تا قلك انا يا هالوطن امك
اختك انا ورفيقتك وبقلبي عم ضمك
واللي بساحات الغضب نزلو ما بدن غير
إلا بإيدن يمسحو عنك وجع همك
ومنثور تانقلك خلص عن جد بكفي
جايين تحساب الظلم بقلوبنا نصفي
بدنا وطنا يكون ع قياس كل الناس
وولادنا بقلب الوطن مشوارها تكفي
نحنا اللي ثورتنا غضب ثورة شعب جبار
ثورة بوج اللي اعتدا ع الحق والاحرار
وكتار بحجم الوطن عشنا على الاصرار
وتا ما وطنا ينحني صار الشعب ثوار
عم ثور",https://lyricstranslate.com/en/elissa-%D8%B9%D9%85-%D8%AB%D9%88%D8%B1-lyrics.html
عمر جديد,"عمر جديد
عمر جديد
عمر جديد
الحاجات دى جديدة عليا
واللى انا عايشاة
حب عمره ما عدي عليا
وكنت مش عارفاه
دي كل كلمه حب يقولها
عندي عمر جديد
خدنى من الدنيا دي
بحالها لدنيا تانيه بعيد
لو نام عيني ما بينامو
واصحي وافكر في كلامه
واحضن بايديا سلامه من لهفه قلبي عليه
ده انا حاسه بحاجه غريبه حب وحنيه وطيبه
بتمني اكونله حبيبه زي الي بيحلم بيه
لما ثانيه بيبعد عنى روحي تجري وراه
قلبي ياما ليالي خاصمني قبل ما ابقي معاه
هو اهلي وكل حبايبي مش حبيب وخلاص
لما يبقي في حضني وجنبي بنسى كل الناس
لو نام عيني ما بينامو
واصحي وافكر في كلامه
واحضن بايديا سلامه من لهفه قلبي عليه
اة حاسة بحاجة غريبة
حب وحنية وطيبه
بتمني اكونله حبيبه
زي الي بيحلم بيه
عمر جديد",https://lyricstranslate.com/en/elissa-omr-gedid-lyrics.html
عمري ابتدا,"عمري ابتدا
عمري ابتدا
عمري ابتدا
عمرى ابتدا لما قلبي لقاك
و اتمني أكمِّل حياتي معاك
هتكون حبيبي هنا أو هناك
هتفضل عينيا تشوفك ملاك
احنا الليلادي هننسى اللي فات
والماضي كله هنعتبره مات
ده الحب بينّا يتقال في حكايات
و نعمل بإحساسنا بيه معجزات
فين هلاقي تاني
حبيب مشاعره مطمناني
يا حبيبي ده انت في الدنيا جيت
علشان قلبك يبقى عشاني
عمري ما هبعد و أسيبك وحيد
أو يبقي عن قلبي قلبك بعيد
هنعيش حياتنا بإحساس جديد
عشان تبقي دايماً معايا سعيد
فين هلاقي تاني
حبيب مشاعره مطمناني
يا حبيبي ده انت في الدنيا جيت
علشان قلبك يبقى عشاني
عمرى ابتدا لما قلبي لقاك
و اتمني أكمِّل حياتي معاك
هتكون حبيبي هنا أو هناك
هتفضل عينيا تشوفك ملاك
عمري ابتدا",https://lyricstranslate.com/en/elissa-omry-ebtada-lyrics.html
عيشة و السلام,"عيشة و السلام
عيشة و السلام
عيشة و السلام
أَهِى يَلَّا عَيِشَه وِالسَّلَامْ
دَا كُتْر الْكَلَامْ
وَيَّاهْ مَبِيأَثَرْشْ و بَقُولْ زَىِّ بَعْضُه
أَنَا عَارفَه لِيه بَصْبُرْ عَلِيه عَشَانْ فَاكْرَه لِيه
أَيَّامْ وعَشِرَه وَ حُبّْ وَ حَاجَاتْ حَلْوَه بَرْضُه
اهى يلاعيشه والسلام
ده كتر الكلام
وياه مبيأثرش وبقول زى بعضه
انا عارفه ليه بصبر عليه عشان فاكره ليه
ايام وعشره وحب وحاجات حلوه برضه
مَعَ نَفْسِى بَسْتَحْمِلْ كِتِيرْ وُ بَسْكُتْ وُأَهاودُه
مَعَ نَفْسِى بَبْنِى كُلَّ حَلْمِ بَخَافْ يِهدُه
وِانْ شُوفْتِ يُومْ لِلْبُعْدِ بِينَّا طَرِيقْ بَسِدُه
عَنْ تَعْبِى دَا وْ حِيرْتِى عَيْنَيَّا مُغَمَّضَهَا
وِلَوْ اِلْحَيَاه وَيَّاهَا إِيهْ مُسْتَصْعَبهَا
دِى مُشْ هَتِبْقَى اصْعَبْ مِ إِلِّى أَعْيِشْهَا بَعَدُه
مَالِيشْ إِرَادَه فى حُبِّى لِيه وِ فِى ايِدَيَّا إِيه
غِيرِ انِّ أَسْتَحْمِلْ وَ ادَرْ إِيهْ مَهْمَا يِجْرَى
مَقْدَرْشْ أَنَا أَعْمِلْ زَيِّ نَاسْ بِيِنْسُوا خَلَاصْ
مَقْدَرْشْ أَنَا اتْخَيِّلْ أَعْيِشْ مَعَ غِيرُه بُكْرُه
مع نفسى بستحمل كتير وبسكت واهاوده
مع نفسى ببنى كل حلم بخاف يهده
وان شوفت يوم للبعد بينا طريق بسده
عن تعبى ده وحيرتى عنيا مغمضه
ولو الحياه وياها ايه مستصعبها
دى مش هتبقى اصعب من الى اعيشها بعده
عيشة و السلام",https://lyricstranslate.com/en/elissa-aisha-welsalam-lyrics.html
فاكر,"فاكر
فاكر
فاكر
فاكر يا حبيبي في يوم ما سبتني أمشي ودموعي في عيني
يومها أنا بالذات جتلك عشان إنت اللي بتقويني
وبدل ما أهدى وأرتاح وأنا جوا حضنك أو تطمن عيني كده وتدفيني
ألقاك إنت بتبكيني
فاكر يا حبيبي في يوم ما سبتني أمشي ودموعي في عيني
يومها أنا بالذات جتلك عشان إنت اللي بتقويني
وبدل ما أهدى وأرتاح وأنا جوا حضنك أو تطمن عيني كده وتدفيني
ألقاك إنت بتبكيني
تسأل عليا ليه، هو احنا لسه إحنا؟
مستني مني إيه؟ ملامحنا مش ملامحنا
دلوقتي بينا إيه غير ذكرى بتجرحنا؟
ما هي دنيا بتفرحنا لحظة والباقي بتدبحنا
تسأل عليا ليه، هو احنا لسه إحنا؟
مستني مني إيه؟ ملامحنا مش ملامحنا
دلوقتي بينا إيه غير ذكرى بتجرحنا؟
ما هي دنيا بتفرحنا لحظة والباقي بتدبحنا
عايز طب نرجع ليه؟ هو أنا مش نفسي نرجع تاني؟
بس الحياة طب مين سابها ورجع يعيشها حتى ثواني
لو يوم جربت تكون، وده صعب جدا لو تكون في مكاني
وتعيش حرماني وتدوق طعم ملهوش تاني
عايز طب نرجع ليه؟ هو أنا مش نفسي نرجع تاني؟
بس الحياة طب مين سابها ورجع يعيشها حتى ثواني
لو يوم جربت تكون، وده صعب جدا لو تكون في مكاني
وتعيش حرماني وتدوق طعم ملهوش تاني
تسأل عليا ليه، هو احنا لسه إحنا؟
مستني مني إيه؟ ملامحنا مش ملامحنا
دلوقتي بينا إيه غير ذكرى بتجرحنا؟
ما هي دنيا بتفرحنا لحظة والباقي بتدبحنا
تسأل عليا ليه، هو احنا لسه إحنا؟
مستني مني إيه؟ ملامحنا مش ملامحنا
دلوقتي بينا إيه غير ذكرى بتجرحنا؟
ما هي دنيا بتفرحنا لحظة والباقي بتدبحنا
فاكر
تسأل عليا ليه
اغنية فاكر
فاکر
فاعل",https://lyricstranslate.com/en/elissa-%D9%81%D8%A7%D9%83%D8%B1-lyrics.html
فل الحكى,"فل الحكى
فل الحكى
فل الحكى
عم بتشتي ذكريات
وميات الشتي دمعات
من بعدك مافي حياة
مش حلوي الديني
حالف ما يجي الربيع
ويبقى أيلول الحزين
من بعدك حبيبي مين
فيي بيعتني؟
يا عمري صحاني الشتي
فيق عيوني عالبكي
وعى حنيني عالسكت
جربت احكي وما قدرت
يمكن معك فل الحكي
قبال الموقدة والنار
عم بتذكرني شو صار
أيدي حرقتا حتى تغار
وتغمرني أيدي
ليش الشتي والاحباب
إلي راحوا صارو غياب
تجمعوا كلن بكتاب
بالسنة الجديدة
غفيت درفة الشباك
ومتلي جربت تنساك
يا بابي منو وراك
خليك مسكر
هيدي مش أول شتويي
غيابك ببكي عينيي
هيك الشتي بيعمل فيي
دغري بتأثر
فل الحكى",https://lyricstranslate.com/en/elissa-fal-el-haki-lyrics.html
فى شىء انكسر ,"فى شىء انكسر
فى شىء انكسر
فى شىء انكسر
بيني انا وبينك خلص في شئ انكسر
ما بسألك ميـن انهزم ميـن انتصــــر
هَمِّــــي أَنَــــا بِالــلَّيْلِ ينْسَــانِي الْأَلَمْ
دَوِّبْ مَعَــــي النِّسِيَانْ لَحْظَاتِ النَّدَمْ
لَمِينْ بِشْكِي هَـمُّ قَلْبِي الْلِي انْظَلَمْ...
صَعبِة النَغَمْ مَا يْحَنْ ع غيابِ الْوَتَرْ
بَيْنِي أَنَا وْبَيْنَكْ خَلَصْ فِي شِي انْكَسَرْ
مَا بِسْأَلَكْ مِيـنْ إِنْهَزَمْ مِيينْ إِنْتَصَــــرْ
لُوْ بَاقَي عَنْدِي مِنَّكِ شُوَيِّـــــةَ امَـــــلْ
بُصْبُرْ عَلَيْكْ وُبَحْمُلِ الْـمَا بِينْحَمَـــــل
لَكِنْ إِنِتْ مَلَّيْتْ شُـــــــو بْخَافِ الْمَلَلْ
أَهْوَنْ عَلَيِّي اللُّومْ يَا مَحْلَا الزَّعَـــــل
بيني انا وبينك خلص في شئ انكسر
مــا بسألك مين انهزم ميــن انتصــر
صُوتِي نَدَهْلَكْ مَا تَرَكْ عَنْدَكْ صَدَى
فِي شِي انْتَهَى بَيْنَتْـــنَا لَمَّــــــا ابْتَدَى
بَعدَكْ أَنَا شُو بْخَـــافْ مَا صَدِّقَ حَدَا
يُمْرُق عَلَيِّي الشُّوقُ، يُهُرُبْ عَ اِلْهَدَى
بيني انا وبينك خلص في شئ انكسر
مـا بسألك مين انهزم ميــن انتصــر
فى شىء انكسر",https://lyricstranslate.com/en/elissa-fi-shi-enkassar-lyrics.html
في اول الحكايات,"في اول الحكايات
في اول الحكايات
في اول الحكايات
في أول الحكايات حكايتي معاك
بقالي زمان واخدني هواك
و جوه في قلبي ليك أيام ما بتتنسيش
و آخر الحكايات حكايتي معاك
خلاص حبيت وأنا اتحبيت
و عايشة معك كأني أول مرة أعيـش
أحلف بإيه أول ما دق القلب دق القلب ليك
أحلف بإيه أول ما قلت أحب كانت بين إديك
أيامي قبلك تسوى إيه؟
وحياتي بعدك أعيشها ليه؟
حكايتنا لو يا حبيبي حلم
يا ريت تسيبني عايشة فيه
في اول الحكايات
مثل تو",https://lyricstranslate.com/en/elissa-hikayti-maak-lyrics.html-0
في عيونك,"في عيونك
في عيونك
في عيونك
فى عيونك لغز واسرار
فى عيونك رحلة ومشوار
قلبى ده شاعر كلمات
عنده مشاعر همسات
شعرى قصايد ابيات جوا عيونك
انا ممكن اضيع عمرى واضيع روحى واضيع ف عيونك
ف عيونك حسيت بامان
ف عيونك قلبى انا غرقان
على كيفك ودينى على كيفك
ونادينى وارمينى وخلينى ف عيونك
لو حد عايزنى ف حاجة بجد يحلفنى بعيونك
اه تعالى اتصالح على نفسى وانا وياك
واعيش جوا سلام ايدك واموت وانا بهواك
تعالى اتصالح على... نفسى وانا وياك
واعيش جوا سلام ايدك واموت وانا بهواك
والحياه ف هواك تبقى حياه
ف عيونك الشرق وليله وسحره
ف عيونك الغرب نسيمه وبحره
باتغرب ف بلاد
واجمع كل ورود بغداد
علشان عندى الليلة معاد
جوا عيونك تيجى نسمة من بيروت
على خدى تفوت توحشنى عيونك
ف عيونك وطنى وبلادى
ف عيونك ارضى وميلادى
وحياتك دفينى و ف ذاتك خبينى
من العالم واحمينى ف عيونك
وعلى ورقة ياسمينة اكتب اسامينا حرفها بلونك
اه تعالى اتصالح على نفسى وانا وياك
واعيش جوا سلام ايدك واموت وانا بهواك
تعالى اتصالح على نفسى وانا وياك
واعيش جوا سلام ايدك واموت وانا بهواك
والحياه ف هواك تبقى حياه
في عيونك
(أمنية)
(أمنية)
(أمنية)",https://lyricstranslate.com/en/elissa-fe-ayounak-%D9%81%D9%8A-%D8%B9%D9%8A%D9%88%D9%86%D9%83-lyrics.html
قد الايام,"قد الايام
قد الايام
قد الايام
قد الايام اللى نعيشها وقد ماناس فى ناستوحشها
وناس عن ناس البعد حايشها ياما انا خفتعليك
قد حنين اللى سنين بعدو قد اللى بيحلمو يتواعدو
لو اجمع كل ده على بعضه فى اللي انا في يجى ايه
قد امل الناس فى بكره وقد خوفها على الحياه
واللى واخده الف ذكرى لحد نفسه يعيش معاه
قد احساس اللى قاسو وفاجئه دائو طعم الحنان
واللى كان يرجع لناسه بعد غيبه من زمان
الشهاده للة بقول احساسى احساس كل دول
قد امانى اللى بيتمنوا قد معانى اتقالوا واتغنوا
قد الهوى مهما اضحك عنه جوه فى قلبى هواه
قد غلاوة العمر عليا ما لسه غلاوته زى ماهيا
ربنا بس اللى عالم بيا باللى بعيشه معاه
قد امل الناس فى بكره وقد خوفها على الحياه
واللى واخده الف ذكرى لحد نفسه يعيش معاه
قد احساس اللى قاسو وفاجئه دائو طعم الحنان
واللى كان يرجع لناسه بعد غيبه من زمان
الشهاده للة بقول احساسى احساس كل دول
قد الايام",https://lyricstranslate.com/en/elissa-add-el-ayam-%D9%82%D8%AF-%D8%A7%D9%84%D8%A7%D9%8A%D8%A7%D9%85-lyrics.html
قد ما بشتقلك,"قد ما بشتقلك
قد ما بشتقلك
قد ما بشتقلك
يوم ما قابلت عينيك
قلبي اتعلق فيك
وروحي لاقيتها معاك
بتحلم بيك
يوم ما قابلت عينيك
قلبي اتعلق فيك
وروحي لاقيتها معاك
بتحلم بيك
قد ما بشتقلك واتمناك
إحساسي إن انا عايشه في هواك
وسنين من عمري تفوت وياك
ولا عمري نسيتك يوم
دايماً إحساسي معاك بيزيد
طول مانا جنبك يا حبيبي أكيد
عمرك ما تحس إن انت وحيد
من قلبي بقول حبيت
عشت سنين وايام
جوة القلب غرام
شوقي إليك يا حبيبي
ولا بينام
قد ما بشتقلك واتمناك
إحساسي إن انا عايشه في هواك
وسنين من عمري تفوت وياك
ولا عمري نسيتك يوم
دايماً إحساسي معاك بيزيد
طول مانا جنبك يا حبيبي أكيد
عمرك ما تحس إن انت واحيد
من قلبي بقول حبيت
قد ما بشتقلك واتمناك
إحساسي إن انا عايشه في هواك
وسنين من عمري تفوت وياك
ولا عمري نسيتك يوم
دايماً إحساسي معاك بيزيد
طول مانا جنبك يا حبيبي أكيد
عمرك ما تحس إن انت وحيد
من قلبي بقول حبيت
قد ما بشتقلك",https://lyricstranslate.com/en/elissa-ad-ma-bishta2lak-lyrics.html
قلب و روح ,"قلب و روح
قلب و روح
قلب و روح
بردان؟ حضني دفا بيكون
يا عيوني بحبك أنا بجنون
بالشمس ضلك متل الفي
بالعتمة عيوني لعينك ضي
حياتي كلِا كِلا خلقت ليك
حبيبي خلقنا قلب وروح
فراقن منّو شي مسموح
متل الشجرة مع ضلّا
مافيني كفي عمري بلاك
ياريت لو نخلق من جديد
تا إبدأ حِبّك من جديد
شو هالحنية يا الله
قوام إنسان بقلب ملاك
خليك حدي ومعي خليك
ع ايديّ بتغفى وبوعّيك
ياريت لو بسرقك م الكل
وبقلبي بخبيك وما تفل
رجعتني طفلة بعدا بتمسك دَيك
قلب و روح",https://lyricstranslate.com/en/elissa-alb-w-rouh-lyrics.html
قلبي حاسس فيك,"قلبي حاسس فيك
قلبي حاسس فيك
قلبي حاسس فيك
قلبي حاسس فيك جاي تايحاكيك مشغول عليك البال
شو اللي صاير فيك قللي شو مبكيك مزعل هالجمال
جاي تايراضيك دنيته ينسيك الليله مافي مجال
قلبي حاسس فيك جاي تايحاكيك مشغول عليك البال
شو اللي صاير فيك قللي شو مبكيك مزعل هالجمال
جاي تايراضيك دنيته ينسيك الليله مافي مجال
ماعاش اللي بده و يزعلك بمحيه بلغيه من هالحياة
ياحبيبي اضحكلي ماأجملك تسلملي هالضحكات
ياحبيبي اتركني اتأملك ولا أشبع منك بالساعات
تبقى إلي وأنا إليك ياقمري بهاليلات
قلبي اللي ساكن فيك عارف ياللي فيك قلقه بليلي طال
من نسمه بيداريك بعيونه بيخبيك لغيرك لا مال
غرامه بيقويك عالدنيا وبيحميك أيام سنين طوال
قلبي اللي ساكن فيك عارف ياللي فيك قلقه بليلي طال
من نسمه بيداريك بعيونه بيخبيك لغيرك لا مال
غرامه بيقويك عالدنيا وبيحميك أيام سنين طوال
ماعاش اللي بده و يزعلك بمحيه بلغيه من هالحياة
ياحبيبي اضحكلي ماأجملك تسلملي هالضحكات
ياحبيبي اتركني اتأملك ولا أشبع منك بالساعات
تبقى إلي وأنا إليك ياقمري بهاليلات
ماعاش اللي بده و يزعلك بمحيه بلغيه من هالحياة
ياحبيبي اضحكلي ماأجملك تسلملي هالضحكات
ياحبيبي اتركني اتأملك ولا أشبع منك بالساعات
تبقى إلي وأنا إليك ياقمري بهاليلات
قلبي حاسس فيك",https://lyricstranslate.com/en/elissa-albi-hases-feek-lyrics.html
كرمالك,"كرمالك
ما بدك نبقى حبايب ولا تبقى عن عيني غايب
بدك نبقى متل الرفقة تكذب على قلبي الدايب
ظالمني وعارف اني انا بشقى لو تبعد عني
قلي يا قمري برضى بقدري خبرني انت شو حابب
كرمالك صرت بخبي بخبي الحب الساكن قلبي
أعمل حالي ولا على بالي مهتمة ومش مهتمة
قدامك كون رفيقة اسأل عنك كل دقيقة
طمن بالي انت قبالي ريح بالك من يمي
لوعني هواك لوعني مشاني وراك ضيعني
خلاني روح مطرح ما تروح لا أخدني ولا رجعني
كرمالك صرت بخبي بخبي الحب الساكن قلبي
أعمل حالي ولا على بالي مهتمة ومش مهتمة
قدامك كون رفيقة اسأل عنك كل دقيقة
طمن بالي انت قبالي ريح بالك من يمي
أناني انت اناني يا حبيبي جرب تنساني
قلبي بيقسى ويمكن ينسى يوم اللي كنا حبايب
كرمالك صرت بخبي بخبي الحب الساكن قلبي
أعمل حالي ولا على بالي مهتمة ومش مهتمة
قدامك كون رفيقة اسأل عنك كل دقيقة
طمن بالي انت قبالي ريح بالك من يمي",https://lyricstranslate.com/en/elissa-kermalak-lyrics.html
كرهني,"كرهني
كرهني
كرهني
ما بدي تقرب ليي
وتسلم عادي عليي
كأني حدا عرفتو
وخلصت الخبرية
حسلي شي كرهني
عصب لما تلمحني
اطلع بقسوة فيي
ساعتها بتريحني
أنا ما بدي ياك
بس ما بدي تنساني
اللي عشتو معي
ممنوع تعيشو مع حدا تاني
ضلك حبني عن بعد
وتخيل انا مع بعض
حسسني انا وقدامك
إنو وقفت فيك الأرض
بعدك بس يمرق اسمي
بتخلق جواتك أزمة
ضلك ضعيف قبالي
حسسني اني مهمة
كرهني وقتها بتثبتلي
ما قدرت تلاقي متلي
وإنو اللي عرفتها بعدي
ما عبتلك محلي
كرهني",https://lyricstranslate.com/en/elissa-krahni-lyrics.html
كلمة حب,"كلمة حب, لمسة ايد, باقة ورد وندى
صرت بقلبي وحيد ما في غيرك حدا
عمري قبلك اكيد كلّو وهم و صدى
وانكتب لي عمر جديد لمّا حبّك ابتدى
قول, وعّي قلبي بهمساتك قول
قول, بحبّك حتى لما يجنّوا كلماتك
كلمة حب, لمست ايد, باقة ورد وندى
صرت بقلبي وحيد ما في غيرك حدا
عمري قبلك اكيد كلّو وهم و صدى
وانكتب لي عمر جديد لمّا حبّك ابتدى
قول, بسمة تغيّر حياتي قول
عيش بقلبي و روحي و صوتي و كل غنّياتي",https://lyricstranslate.com/en/elissa-kelmat-hob-lyrics.html
كنت في سيرتك fe,"كنت في سيرتك
ويلي ويلي يابا ويلي يابا يابا
ويلي ويلي يابا ويلي يابا يابا
ويلي ويلي يابا ويلي يابا يابا
ويلي ويلي يابا ويلي يابا يابا
:الشاب مامي
انا كنت بسرتك مبارح
مع قلبي وحنيني ليك
شافوني الناس و انا سارح
و مداري جوايا
بندهلك تيجي لو سامع
تحضني بدفا عينيك
فرحني وقللي انا راجع
حليلي دنيايا
:اليسا
انا كنت في سرتك البارح
مع قلبي وحنيني ليك
وشافوني الناس و انا سارح
و مداري جوايا
بندهلك تيجي لو سامع
تحضني بدفا عينيك
فرحني وقللي انا راجع
حليلي دنيايا
ويلي ويلي يابا ويلي يابا يابا
ويلي ويلي يابا ويلي يابا يابا
:اليسا
يا حبيبي القلب محتاجك
انا برضه اللي بناديك
زودت عذابه في غيابك
البعد له نهاية
حلفتك تيجي يا عيني
ليه ناسيني انت كده ليه
خليك على طول قصاد عيني
يرضيني و كفاية
:الشاب مامي
يا حبيب القلب محتاجك
انا برضه اللي بناديك
زودت عذابي في غيابك
و البعد له نهاية
حلفتك تيجي يا عيني
ليه ناسيني انت كده ليه
خليك على طول قصاد عيني
يرضيني وكفاية
ويلي ويلي يابا ويلي يابا يابا
ويلي ويلي يابا ويلي يابا يابا
ويلي ويلي يابا ويلي يابا يابا
ويلي ويلي يابا ويلي يابا يابا
ويلي ويلي يابا ويلي يابا يابا
ويلي ويلي يابا ويلي يابا يابا
ويلي ويلي يابا ويلي يابا يابا
ويلي ويلي يابا ويلي يابا يابا
ويلي ويلي يابا ويلي يابا يابا
ويلي ويلي يابا ويلي يابا يابا",https://lyricstranslate.com/en/elissa-kont-fe-sertak-lyrics.html
لا تروح,"لا تروح
لا تروح
لا تروح
عمري يطول وانت قريب قلبي يدوب بالحنان
روحي تقول أغلى حبيب والمكتوب من زمان
لا لا لا تروح لا روحي تروح
يا ويلي ويلي ويلي ويل ويلي اه يا ويلي ويل
حبك بسهر عيوني وجودك بنور ليلاتي
غيابك بسبب جنوني وقربك بلون حياتي
حبك بسهر عيوني وجودك بنور ليلاتي
غيابك بسبب جنوني وقربك بلون حياتي
شوقي شوق ليلي نهار ليل نهار ما برتاح
قلبي يدوق أقوى نار لو هواك عني راح
لا لا لا تروح لا روحي تروح
يا ويلي ويلي ويلي ويل ويلي اه يا ويلي ويل
حبك بسهر عيوني وجودك بنور ليلاتي
غيابك بسبب جنوني وقربك بلون حياتي
حبك بسهر عيوني وجودك بنور ليلاتي
غيابك بسبب جنوني وقربك بلون حياتي
شوقي شوق ليلي نهار ليل نهار ما برتاح
قلبي يدوق أقوى نار لو هواك عني راح
لا لا لا تروح لا روحي تروح
يا ويلي ويلي ويلي ويل ويلي اه يا ويلي ويل
حبك بسهر عيوني وجودك بنور ليلاتي
غيابك بسبب جنوني وقربك بلون حياتي
حبك بسهر عيوني وجودك بنور ليلاتي
غيابك بسبب جنوني وقربك بلون حياتي
لا تروح
يا ويلي ويلي ويل",https://lyricstranslate.com/en/elissa-la-trou7-lyrics.html
لسه فيها كلام Fiha,"لسه فيها كلام
لسه فيها كلام
لسه فيها كلام
لسه فيها كلام معاه
يتقال سنين قدام هواه
لا في يوم ولا في أيام
ولا في سنين هينفع
احكي عن معناه
لسه فيها مواعيد كمان
هيجد فيها جديد عشان
في ايد هتحضن ايد
وروح هتعيش لروح
بعد الحياة بحياة
لسه فيه اوقات ما بينا
مليانين حكايات عشانا
لهفه ومقابلات
وشوق سوا يختصر مسافات
لسه في ايام قصادنا
وعد مع أحلام تاخدنا
ألف حاجه عالبال
دي لو تتقال فيه لسه حاجات
لسه في احساس اكيد
هياخدنا سوا من الناس بعيد
وفي لسه ألف مكان كمان
يشهد على حب القلوب شيلاه
لسه بينا حوار كبير
وفي رغي ليل ونهار كتير
ضحك وسهر وهزار
وفيه قرب ودفا وحنية وانا وياك
نادر عبدالله
لسه فيها كلام",https://lyricstranslate.com/en/elissa-lessa-fiha-kalam-lyrics.html
لو مسلسل لو,"لو
لو
لو
لو
غمضتن عينيي ومشيت
لا اتطلعت فيي ولا حكيت
ياريتك ما جيت
تحرم عينيي غفوتا
تلعب الصدفة لعبتا
ياريتني
ياريتني
ياريتني ما كنت لحظتا
متل اللي كأنو عيونك صرلي بعرفا
عمر وكأني ما دقت طعم العمر
هبّت مشاعر ماكنت اعرف اوصفا
غلّت ما بين العتمة وخيال والضجر
صعبة الخيانة كتير بعيون الوفا
وحدو شعور الذنب بيعرف شو بني
بلحظة سرقني البرد من حضن الكلو دفا
عمري ندهني لوين عزّتني الدنيّ
لو ما
فتّحت عيوني عالدنية
لوما
غفّيتن على أجمل قصة
يوما
لصحيت ولعرفت اللوم
لبكيت ولو ضحكت بيوم
ولا اوهامي حلمت فيك بنوما
لوما
عيش الفرحة اللي مش من حقي
لوما
أشعر إني ملكت العالم
يوما
لا خسرتك ولا حالي خسرت
ياريت بيوم اللي اخترت
صدقت ظنوني وحكياتا
ولو ماااااااااااا
لو غمضتن عينيي ومشيييييييييييييييييييييييييييييييييييييييييييييييت
لو",https://lyricstranslate.com/en/elissa-law-law-series-%D9%84%D9%88-%D9%85%D8%B3%D9%84%D8%B3%D9%84-%D9%84%D9%88-lyrics.html
لو اتقابلنا,"لو اتقابلنا
لو اتقابلنا
لو اتقابلنا
لو اتقابلنا مره واحده استحاله هنفترق
احساسنا بيقول اننا لو شفنا بعض هنتفق
ده احنا لسه متقابلناش واتقابلنا
امال بقي هيحصل ايه لو اتقابلنا
ده احنا لسه ما اتقابلناش واتقابلنا
امال بقي هيحصل ايه لو اتقابلنا
لو حد فينا حب حاجه التاني عمره ما حبها
لو سالنا التاني تاني هنلاقيه بيحبها
مش علشان ميختلفش ولا خايف
لا عشان بيحبها ومكنش عارف
ايوة بنفكر سوي في نفس
الحاجه في نفس الوقت
كل واحد عارف فين التاني بيعمل ايه دلوقت
احساسنا بيشوفه الكلام مكان
جمعنا حتي السكته ليها شوق ليها معنى
لو حد فينا حب حاجة التانى عمرة ما حبها
لو سالنا التانى تانى هنلاقيى بيحبها
مش عشان ميختلفش ولا خايف
لا عشان بيحبها ومكنش عارف
لو اتقابلنا",https://lyricstranslate.com/en/elissa-law-etaabelna-lyrics.html
لو اقولك,"لو اقولك
لو اقولك
لو اقولك
لو أقولك فی واحده معاك
رهن اشارتك مستنیاك
تقولها علی اللی بیك
تلاقی روحها فی ایدیك
تبقى الوحید اللی خد قلبها
لو أقولك عشان حبها
میهماش الناس کلها
بتحبك انت بضمیر
مع ان غیرك کتیر
یتمنوا نظره یادوب منها
مین بقى اللى انا عنها حکیت
ماتقوللی یللا یاریت
ده أنا أموت
أنا ناقص أقولك أنا
لو أقولك لاموها علیك
وبرضه لیه معاك عایشه لیك
مش راضی تفهمنی لیه؟
أقولك أنا تانی ایه؟
یعنی أسیبك عشان الاقیك؟
لو اقولك مبتدقش نوم
تتمنی فیك لیها یوم بعد یوم
فی حد یرضی بکده
یحبک الحب ده
وانت ولاحاجه بانت علیك
لو اقولك
بضمير",https://lyricstranslate.com/en/elissa-law-aolak-lyrics.html
لو كان,"لو كان
لو كان
لو كان
لو كان عندك قلب يشتاق ما كان تركني و راح
لو كان قلبي أنا بينساك شو كنت أنا برتاح
كنت نسيت سهر الليالي كنت بقيت وحدي بلاك
كنت محيت اسمك يا غالي معزب هواك
كنت بشوف بعدك حياتي كنت بعيش أجمل حياة
كنت نسيت بعدك آهاتي بكفيني آهات
كنت نسيت سهر الليالي كنت بقيت وحدي بلاك
كنت محيت اسمك يا غالي معزب هواك
كنت بشوف بعدك حياتي كنت بعيش أجمل حياة
كنت نسيت بعدك آهاتي بكفيني آهات
ما بخون عندي وفى ما بخون و جنون عندي الغرام
لو كون متلك أنا لو كون شو كنت بعدك كلام
كنت نسيت سهر الليالي كنت بقيت وحدي بلاك
كنت محيت اسمك يا غالي معزب هواك
كنت بشوف بعدك حياتي كنت بعيش أجمل حياة
كنت نسيت بعدك آهاتي بكفيني آهات
كنت نسيت سهر الليالي كنت بقيت وحدي بلاك
كنت محيت اسمك يا غالي معزب هواك
كنت بشوف بعدك حياتي كنت بعيش أجمل حياة
كنت نسيت بعدك آهاتي بكفيني آهات
كنت نسيت سهر الليالي كنت بقيت وحدي بلاك
كنت محيت اسمك يا غالي معزب هواك
كنت بشوف بعدك حياتي كنت بعيش أجمل حياة
كنت نسيت بعدك آهاتي بكفيني آهات
كنت نسيت سهر الليالي كنت بقيت وحدي بلاك
كنت محيت اسمك يا غالي معزب هواك
كنت بشوف بعدك حياتي كنت بعيش أجمل حياة
كنت نسيت بعدك آهاتي بكفيني آهات
كنت نسيت كنت بقيت
كنت محيت اسمك يا غالي معزب هواك
كنت بشوف بعدك حياتي كنت بعيش أجمل حياة
كنت نسيت بعدك آهاتي بكفيني آهات
لو كان",https://lyricstranslate.com/en/elissa-law-kan-lyrics.html
لو نرجع سوا,"لو نرجع سوا
لو نرجع سوا
لو نرجع سوا
قلبي يا ويله
لو تبعد يا غالي
ما يام بليله
يسهرلك ليالي
نظرة عيونك لو مرت في بالي
بنادي واقول بنادي واقول
واقول
لو نرجع سوا
واشوفك حبيبي
وندوب بالهوا
تبقالي نصيبي
والقلب انكوا
متخلي البعد يطول
لو نرجع سوا
واشوفك حبيبي
وندوب بالهوا
تبقالي نصيبي
والقلب انكوا
متخلي البعد يطول
لو ترجعلي وتاخد عمري
وكل سنيني وايامي
ما تفرفني وتبعد عني
واشوفك ع طول قدامي
كل الدنيا بتخلاص عندي
لاكن شوقي وغرامي
لا ما يزول
لو ترجعلي وتخد عمري
وكل سنيني وايامي
ما تفارقني وتبعد عني
واشوفك ع طول قدامي
كل الدنيا بتخلص عندي
لكن شوقي وغرامي
لا ما يزول
لو نرجع سوا
واشوفك حبيبي
وندوب بالهوا
تبقالي نصيبي
والقلب انكوا
متخلي البعد يطول
لو نرجع سوا
واشوفك حبيبي
وندوب بالهوا
تبقالي نصيبي
والقلب انكوا
متخلي البعد يطول
لو نرجع سوا
وندوب بالهوا
القلب انكوا
ااااااااااه
لو نرجع سوا
واشوفك حبيبي
وندوب بالهوا
تبقالي نصيبي
والقلب انكوا
متخلي البعد يطول
لو نرجع سوا
واشوفك حبيبي
وندوب بالهوا
تبقالي نصيبي
والقلب انكوا
متخلي البعد يطول
لو نرجع سوا",https://lyricstranslate.com/en/elissa-law-nerja3-sawa-lyrics.html
ليك لوحدك,"ليك لوحدك
ليك لوحدك
ليك لوحدك
أنا كلي ليك لوحدك ودي مش محتاجه شرح
دا يادوب من حضن واحد خفيت من ألف جرح
لو حبك يبقى موتي
مين قلك عايزه اعيش
اصلا موتي الحقيقي لو يوم ما حضنتنيش
امتى اللي حبوا كانوا يا حبيبي بيعقلوا؟
ما اتخيلتش مكان من غيرك ادخله
سيب اللي يقول يقول
شايلاك في عنيا دول
مين داق الحب مره مش سهل يبطله
احساسي وانتي غايب موجوعه ومش بخف
حمل بيتقل عليا لو شلته معايا يخف
هاتفيدني بأيه حياتي
لو إنت ما تبقاليش
تتمدلي ألف إيد غيرك ما ينجينيش
ليك لوحدك",https://lyricstranslate.com/en/elissa-%D9%84%D9%8A%D9%83-%D9%84%D9%88%D8%AD%D8%AF%D9%83-lyrics.html
ما تعرفش ليه,"ما تعرفش ليه
ما تعرفش ليه
ما تعرفش ليه
متعرفش ليه
في وقت اما بحتاج حد جنبي اشتكيله
بتبقي انت اول حد ييجي في بالي اجيله
وتبقي انت اول حد افضفض يومها ليه
متعرفش ليه
في وقت اما اشوفك يومها بجري عليك اوام
وانا معاك بحب كتير اطول في الكلام
وآخد راحتي واحكي في اللي نفسي احكي فيه
متعرفش ليه
لو ابصلك مبشلش عيني من عليك
و اول باول كل حاجة بقولها ليك
متعرفش ليه
لو ابصلك مبشلش عيني من عليك
و اول باول كل حاجة بقولها ليك
و ليه بس صوتي بيحلي لما بيناديك
و ليه بس اسمي بيحلي لو تندهني بيه
متعرفش ليه
بحس انك انت اللي بقيت مسئولة منه
و احس انك انت اللي انا مسئولة عنه
و احس اني فيك شايفة اللي انا بدور عليه
متعرفش ليه
انا ازاي بقيت مابخافش وجريئة في هواك
و بقدر علي اللي ميتقدرش عليه معاك
و لو كان ده مش حب انت قولي ده يبقي ايه
متعرفش ليه
لو ابصلك مبشلش عيني من عليك
و اول باول كل حاجة بقولها ليك
متعرفش ليه
لو ابصلك مبشلش عيني من عليك
و اول باول كل حاجة بقولها ليك
و ليه بس صوتي بيحلي لما بيناديك
و ليه بس اسمي بيحلي لو تندهني بيه
ما تعرفش ليه",https://lyricstranslate.com/en/elissa-ma-te3rafshi-leh-lyrics.html
ما تندم ع شي Tendam Shi,"ما تندم ع شي
ما تندم ع شي
ما تندم ع شي
ما تندم عَ شي
كل شي بهالحياة تجربة اعتبرو
ما تستصغر شي
الله بأضعف خلقو حطّلّك سِرّو
في خطايا بريئة
ما بينحسبو بشرع الحب بينغفرو
يا قلبي سامحني
عملت شي ما بيشبهني
يا قلبي سامحني
واللهي غصبن عنّي
الحب هوّي انّك تضحّي
وجروح البتحبّو تمحّي
أكبر غلطة بهيدي الدنيي
قدّام الحب صغيري
بهالزمن كل شي إلو تمن
لما المصايب يكترو
ببينو المعادن
مين حدّك لفترة
ومين للآخر بضاين
ما تتّاخد بالعواطف
صدِّقني الحب مواقف
من غيرَك الهوا بيزعجني
منَّك بتحمّل عواصف
ما تندم ع شي",https://lyricstranslate.com/en/elissa-ma-tendam-3a-shi-lyrics.html
متفائلة,"متفائلة
متفائلة
متفائلة
بصراحه لو عندك نيه تيجي ليا تتعرف بيا
انا واحده عادية رايحه مع الدنيا و جايه
بني ادمه ليا و عليا انا مش مثاليه
بصراحه حاسه معاك اني شايفه انا
فيك حاجه مني و حاجه منك فيا
متفائله ان ابقي اللي انت بتحلم تلاقيها
بطيبتها وبراءتها طبيعتها فيها وفيها
هتلاقي فيا حاجه حلوه انا اتحب عليها
وعيوبي اللي شايفها في حبك ليا تحليها
بأقل كلمه انا بضايق
و لكني برجع في دقايق واتراضي بسرعه
انا اصلي من جوايا طفله
وساعات كتيره بكون عاقله وساعات مندفعه
تفهمني غلط لما تشوفني
بس انت بعد ما تعرفني
تلاقيني متواضعه
متفائله ان ابقي أنا اللي انت بتحلم تلاقيها
بكسوفها وخوفها اما تشوفها وتتعرف بيها
هتلاقي فيا حاجه حلوه انا اتحب عليها
و عيوبي اللي شايفها في حبك ليا تحليها
متفائله ان ابقي اللي انت بتحلم تلاقيها
بطيبتها وبراءتهااا طبيعتها فيها وفيها
هتلاقي فيا حاجه حلوه انا اتحب عليها
وعيوبي اللي شايفها في حبك ليا تحليها
متفائلة",https://lyricstranslate.com/en/elissa-mutafaala-lyrics.html
متلك ما في Ma,"متلك ما في
متلك ما في
متلك ما في
متلك ما في انسان
انا رسمة وانت إلي ألوان
بيتك انا والروح
انا ورده عطرا معاك بيفوح
أنا ضحكة ع شفافك
أنا نسمة بتمرق صَوبك
وبغفّيها ع كتافك
هالقد بغار بحبك
فراشة بيحملني الهوا وبطير حواليك
يا ويلي يا ويلي
يا ويلي من الشوق عليك
دخلك خلينا سوا
روحي بتهرب ليك
وبليلي وبليلي نجماتي بشوفون بعنيك
من تمك الكلمات بسمعها متل الشعر أبيات
قبلك ما كنت بشوف
أنا كلمة صوتك نطقها حروف
أنا ضحكة ع شفافك
أنا نسمة بتمرق صَوبك
وبغفّيها ع كتافك
هالقد بغار بحبك
فراشة بيحملني الهوا وبطير حواليك
يا ويلي يا ويلي
يا ويلي من الشوق عليك
متلك ما في",https://lyricstranslate.com/en/elissa-metlak-ma-fi-lyrics.html
متمردة,"متمردة
متمردة
متمردة
في حاجات مكنتش راضية عنها عملتها
مع إني عمري في يوم ما كنت بحبها
وده كله علشان أرضي حد محبنيش
وأمّا لقيت مفيش أمل في موضوعنا انتهى
انا ليه بنَزِّل من كرامتي لمستوى
اني ابقى بتنازل عشان نبقى سوا
وفي النهاية لقيته بعد الحب ده
سابلي فراق وجوة ف قلبي جرح مالوش دوا
لا هقول ده نصيب ولا كان العيب فيّا
ولا ناوية يكون في بينّا فرصة للعتاب
آهي غلطة خلاص وبقت محسوبة عليّا
ده مفيش انسان في الحب مجربش العذاب
أنا عشت اضحّي وفي النهاية كسبت ايه
غير جرح واجع قلبي عايشة بداوي فيه
وبلوم في نفسي لإني كنت مصدقة
ان مشاعره ليا ده حب حاسس قلبي بيه
ع الوضع ده وعلى الجراح متمردة
وقلبي لازم يبقى أقوى من كده
وانا قبل ما ادخل تاني أي تجربة
عمري ما احب حد وعيني تبقى مغمضة
متمردة",https://lyricstranslate.com/en/elissa-motamareda-lyrics.html
مريضة اهتمام,"مريضة اهتمام
مريضة اهتمام
مريضة اهتمام
ممنوع تهملني
لازم حسك عطول
عم بتحبني
مابيرضيني الحب العادي
عطول بدي حس زيادي
وقد ما آخد بدي أكتر
ومعي رح تتعب
أنا مريضة اهتمام
مابدي اشفى
انا يلي احساسا
نقطة ضعفا
خلاصة الكلام
مريضة اهتمام
الناس بملّو
صدقني كرمال هيك
كلّن بيفلّو
واذا انت معوّد تزهق
وبس هلقد بتعرف تعشق
بفضّل كفي عمري لوحدي
وآخر همي
مريضة اهتمام",https://lyricstranslate.com/en/elissa-maridit-ehtimam-lyrics.html
مش عارفة ليه,"مش عارفة ليه
مش عارفة ليه
مش عارفة ليه
مش عارفة ليه انا بعمل ليه
جامدة قوي وقوية عليه
مع إنّي لما بشوفه ببقى
نفسي أضمّه و ابوس ايديه!
بيبقى في قلبي شوق الدنيا
وآجي قصاده أداري وأخبي
ليه وازاي مع إن مفيش في الدنيا
أحن عليه من قلبي
بدراي ليه حنّيتي؟
والقسوة تغلب رقتي
وأرفضله أي كلام يقوله عشان أبيّن قوّتي!
بحسّ لو عرف الحقيقة حناني يغرّه أو يضعفني
كإني لو حسسته في حب هيقوى عليّا ويعذبني
بتعبه على قد ما أقدر وغصب عنه بيتحمّلني
بعمل قال مش فارق عندي
مع اني ممكن أموت لو سابني
بدراي ليه حنّيتي؟
والقسوة تغلب رقتي
وأرفضله أي كلام يقوله عشان أبيّن قوّتي!
مش عارفة ليه",https://lyricstranslate.com/en/elissa-mesh-3rfa-leh-lyrics.html
مصدومة,"مصدومة
مصدومة
مصدومة
بِيقُولْ فَي حَقِي كَلَامْ كِتِيرْ مُشْ حَلْوِه لِيه
بِيقُولْ مَالِيشْ لَازْمَه فْحَيَاتُو مِ النَّهَارْدَه
وَعَشَانْ مَاهُوشْ عَارِفْ يِقُولْ بَغْلَطْ فِي إِيه
بِيقُولْ تَعَبْ مِنِّي عَشَانْ مَشَاعْرِي بَارْدَه
بقول في حقي كلام كتر مش حلو ليه
بيقول مليش لازمه ف حياتو من النهارده
وعشان مهوش عارف يقول بغلط في ايه
بيقول تعب مني عشان مشاعري بارده
لَوْ فِيَّا عِيبْ مُشْ عَيْبْ يِقُولْ لِلنَّاسْ عَلِيه
وِيْحَاكِي فِيه
مَهُو مُشْ صُغَيَّرْ عَ الْكَلَامْ دَه
مَصْدُومَه بْجَدِّ وْمُشْ بَنْطَقْ وَلَا عَارِفَه ارُدْ
مَصْدُومَه عَشَانْ شَكْلُو فَعِينِي بَقَى مُشْ وَلَا بُدْ
مصدومه بجد ومش بنطق ولا عارفه ارد
مصدومه عشان شكلو فعيني بقى مش ولا بد
لُوْ طُولِ الْوَقْتَ هَنُفْضَلْ نِتْكَلِّمْ عَلَى بَعَضْ
حَنْخَلِّي إِيه لْلُغُرْبَ عَشَانْ يَحْكُو فِيه
إِزَّايْ بِينْسَى عَشَانُو يَامَا عْـمَلْتِ إِيه
بَعْدَ امَّا كُلَّ حَاجَهَ حَلْوَة عَـرِفْهَا بِيَّا
مَعَقُولْ بَقِـيتْ دِلْوَقْتِي مُشْ حَلْوَه فَعِينِيه
مَعَقُولْ كَمَانْ كُلِّ الْعَبَرْ طُلَّعْهَا فِيَّا
ازاي بينسى عشانو ياما عملت ايه
بعد امّا كل حاجه حلوة عرفها بيّا
معقول بقيت دلوقتي مش حلوه ف عينيه
معقول كمان كل العبر طلعها فيّا
بِالْخِيرْ أَنَا مِنْ يُومِي بَتْكَلِّمْ عَلِيه
وَحَيِخْسَرِ إِيهْ لُوْ بِالْخَيْرِ اتْكَلِّمْ عَلَيَّا
مصدومه بجد ومش بنطق ولا عارفه ارد
مصدومه عشان شكلو فعيني بقى مش ولا بد
مصدومه بجد ومش بنطق ولا عارفه ارد
مصدومه عشان شكلو فعيني بقى مش ولا بد
لو طول الوقت هنفضل نتكلم على بعض
حنخلي ايه للغـرب عشان يحكو فيه
مصدومة
عيب",https://lyricstranslate.com/en/elissa-masdoma-lyrics.html
مع سبق الإصرار,"مع سبق الإصرار
مع سبق الإصرار
مع سبق الإصرار
جربت في مرة تقرب
من إنسان مجروح
ضايع مهزوم
محـروم من طعم الفرح
ساعـة ما اتألم اتـكـلـم
بـحـلاوة روح
راجـع مـجـروح
مـش قـادر يـهـرب مـن الـجـرح
اطمن
حس بدفا فى ايديك
حبيته لقيته فى حضنك طفل برئ
طيبت جراحه
اديته عينيك
اديته مشاعرك
مشيته طريق
عرفته إزاى من تانى الفرح
يسكن مطرح كل الأحزان
وزرعت أمان
ولقيت الطرح
فجأة بيدبل على إيد إنسان
جربت يخونك
ويسيبك في السكة
حزين
مش طايق حتى يحس بجرحك
جربت عيونك تناديله
وتستنجد بيه
ولقيته على دمعك واقف يضحك
أيوة بيضحك
ولقيته على دمعك
واقف يضحك
حنيت لمكان كان دايماً
يجمع بينكم
ولقيته بيخونك فيه
جربت تواجه واحد بخيانته
هزمك جبروت فى عينيه
كان نفسك تصرخ فى العالم
ملقيتش فى قلبك صوت
ضحيت بحياتك والظالم
بيجرب فيك الموت
جربت تموت؟
مع سبق الإصرار",https://lyricstranslate.com/en/elissa-%D9%85%D8%B9-%D8%B3%D8%A8%D9%82-%D8%A7%D9%84%D8%A5%D8%B5%D8%B1%D8%A7%D8%B1-lyrics.html
مفيش أسباب,"مفيش أسباب
مفيش أسباب
مفيش أسباب
مفيش أسباب
بعدت وعمري ما عملت لبعادنا حساب
أنا سبتك عشان
ما اقبلش إني أتساب
مشيت قبل إنت ما تقولي
خلاص مليت
جراح في جراح
جرحت أنا نفسي بإيديا
عشان أرتاح
بسببك كل شيء كان حلو
بينا اهو راح
نهاية اكيد حبيبي عكس ما اتمنيت
أوقات بتموت حاجات
علشان نعرف نعيش
وها كمل ليه الحياة
مع قلب ما حبنيش؟
كان نفسي أعيش جواك
مش بس أعيش وياك
ما تجبش العيب عليا
وما تلومنيش
ما كملناش
عملت حاجات كتير
قلبك ما قدرهاش
وكنت بموت عشان أرضيك
وما بترضاش
وقطر الفرح عدى
قصاد عينيا وفات
وهاكدب ليه
أنا بحبك
وها فضل أحبك أعمل إيه؟
ده قلبي أكيد ما ليش كلمة حبيبي عليه
لكن عقلي أكيد
بيبني قراره عالحسابات
أمير طعيمة
مفيش أسباب",https://lyricstranslate.com/en/elissa-mafish-asbab-lyrics.html
مكتوبه ليك,"مكتوبه ليك
مكتوبه ليك
مكتوبه ليك
مكتوبة ليك إني انا اللي تعيشلها
مكتوبة على اسمك حياتي كلها
أول ما قلت بحب كانت ليّا انا
مين تستاهلها غيري أو تتقالّها!
مكتوبة ليك و آهي كل حاجة في وقتها
تكمل حياتك بيّا لما دخلتها
وقت أمّا شافك قلبي شافت عيني فيك
صورة حبيبي اللي في خيالي رسمتها
قول بقى يا حبيبي
حبيبي لمين أنا لو مش ليك؟
قول بقي يا حبيبي
حبيبي هحب في مين غير فيك؟
طب دانا أيامي
أحلامي وحياتي واقفة عليك!
موعودة بيك تبقى انت بختي وقسمتي
موعودة بيك من قبل ما اتقابل معاك
مشاعري، حبي، حياتي، شوقي ولهفتي
متصدقين مني لإني مصدّقاك
نور عيني حبيبي
حبيبي لمين أنا لو مش ليك؟
قول بقي يا حبيبي
حبيبي هحب ف مين غير فيك؟
طب دانا أيامي
أحلامي وحياتي واقفة عليك!
مكتوبه ليك
نور عيني",https://lyricstranslate.com/en/elissa-maktooba-leek-lyrics.html
ملكة الاحساس ,"ملكة الاحساس
ملكة الاحساس
ملكة الاحساس
وانت معايا وانت قصادي
بنسى كل الناس
الكلام يطلع من قلبي
مش كلام وخلاص
قلبي بيفرح
عيني بتسرح
حاسة بمليون حاجة جميلة
حاسّة معاك انك خلّتني
ملكة الاحساس
انا حبيبي انا عايشة بحسّك
انا بفتَّح أغمض احسك
و أما تجيبلي شوية ورد
ببقى طايرة ومش ع الأرض
وانت معايا نفسي حبيبي آخدك واجري بعيد
الضحكة الحلوة اللي فى وشي انت سببها أكيد
وانت معايا نفسي حبيبي
آخدك واجري بعيد
الضحكة الحلوة اللي فى وشي
انت سببها أكيد
ملكة الاحساس",https://lyricstranslate.com/en/elissa-maliket-el-ehsas-lyrics.html-0
من أول دقيقة ,"من أول دقيقة
من أول دقيقة
من أول دقيقة
[سعد لمجرد]:
باغير من عيني وانا شايفك
وده اللي وصلت ليه
لو اسمع إسمي بشفايفـك
بقولك: كرريه
وعمري ما هاقدر اوصفلك
باحبك قـد ايه
[إليسا]:
إرسمني في ليلك نجمة
ضيها يلمع في العين
إكتبني في عمرك كلمة
يحكوها الناس بعدين
أنا نفسي أعيش فوق عمري
يا حبيبي معاك عمرين
[سعد لمجرد]:
لو تطلبي مني عينيا
لو تطلبي عمري كمان
هاديكي سنيني الجاية
وهاكون راضي وفرحان
إنتي اللي وجودك جنبي
حسسني ان انا انسان
[إليسا]:
دا من أول دقيقة
لحبك قلبي مال
عرفت بميت طريقة
تغير حال بحال
باتوه بين الحقيقة
يا عمري والخيال
[سعد لمجرد]:
دا من أول دقيقة
لحبك قلبي مال
عرفتي بميت طريقة
تغيري حال بحال
باتوه بين الحقيقة
يا عمري والخيال
[إليسا]:
أنا عايزاك تفضل جنبي
سندي وفارس أحلامي
قلبي في قربك متطمن
خليك دايماً قدامي
أنا قبل ما بانطق كلمة
بتكمل ليا كلامي
[سعد لمجرد]:
ده وجـودك بيكملني
خليتي حياتي حياة
إحساسي بحبك خدني
وانا هافضل ماشـي وراه
حضنك يا حبيبتي لا يمكن
لو ثانية أعيش بـراه
[إليسا]:
في واحدة تمللي في ضهرك
وفي ضعفـــك هتقويك
تؤمرها حبيبي وأمرك
هتقول شبيك لبيك
جنبك ولآخر عمرك
هاتعيش علشان ترضيك
[إليسا]:
دا من أول دقيقة
لحبك قلبي مال
عرفت بميت طريقة
تغير حال بحال
باتوه بين الحقيقة
يا عمري والخيال
[سعد لمجرد]:
دا من أول دقيقة
لحبك قلبي مال
عرفتي بميت طريقة
تغيري حال بحال
باتوه بين الحقيقة
يا عمري والخيال
من أول دقيقة
هلو",https://lyricstranslate.com/en/elissa-min-awel-dekika-lyrics.html
من عينيا دي ,"من عينيا دي
من عينيا دي
من عينيا دي
مَعَ شُوقِي مَعَ حُـبِّي لِـيِه
هَـادِيت عِينِيه بِـنَظـرِتِـين
نَـادِيت عَليه بِـضِحكِتـِين
يِوَصَّـلوا اللِي أنا فِـيه
مَـعنى مَالُوش مَـعـنَـيِـين
مِـن السَّلام اللِي بِـالإِيـدِين
وِمِالكَـلام اللي بِـالعِـينِـين
غِيرإِنِّيِ فَـرحَانَة بِـيه
لَـقِيـتُه قُــدَّامِـي حَـبِـيب أيـَّـامِـي
يَـارِيـتُه يِـبقَـالِي
فَـارِس أحــلَامِـي
اللِي أنا بَستَـنَّـاه
دَا وَأنا بَاصَّالُه
فِيه حَاجَة وَاصلَالُه
وكَام حَاجَة أنا نِفسِي أَشرَحهَالُه
عَن إِحسَاسِي وَيَّـاه
مِن عِـينَـيَّا دِي قَبل دِي
بِكُل حَاجَة فِـيَّا بَـ هَادِيه
وكُل يُوم بَنام وَأقُوم
بِـأَلف إِحسَاس بِـينَادِيه
يَارِيت كَمان أَعيِش زَمان
عَليَ الزَّمَان مَابِين إِيدِيه
وعَندِي إِيه تَاني يرَاضِيه
مَع حـُــــبِّي لِـيِه
إِيـه بَـقَيَ أنَـا مخَـبِـيَـاه
حَبِيبِي شَاف وَأنا مَـعَـاه
كَام اعتِـرَاف مِـقَـدِّمَـاه
عَن اللِي أنَـا حَـاسَّـاه
عِيني الإتنِين سَـهرَانِين
وسَرحَانِين فِيه بِاليومِين
هَشُوفُه إِمتيَ؟ هَـقَابلُه فِين؟
هَـقُولُّــه إِيه بَـعـدِين؟
من عينيا دي",https://lyricstranslate.com/en/elissa-men-inaya-di-lyrics.html-0
من قلبي غنيت ,"من قلبي غنيت
من قلبي غنيت
من قلبي غنيت
من قلبي غنيت سمعني الهوى
دئلي رديت خليك ولا تروح
غمرني حنيت ونسيت الزمان
ئلتلو ياريت تبقى وما بتروح
بدي اعرف كيف بيحبوا الناس
بدي اعرف كيف بيناموا الليل
بدي اعرف كيف انت ئِلي كيف بينامو الليل
بدي اعرف كيف انت ئِلي كيف أنا بدي نام
عيني وديت تسرح بالدنيِّ
وحياتك ملئيت غيرك بالدنيِّ
عم بحلم بالبيت اللي بيشعشع حنان
ورموشي ضويت اوعدني ما بتروح
بدي اعرف كيف بيحبوا الناس
بدي اعرف كيف بيناموا الليل
بدي اعرف كيف انت ئِلي كيف بينامو الليل
بدي اعرف كيف انت ئِلي كيف انا بدي نام
بدي اعرف كيف؟!
بدي اعرف كيف ؟!
من قلبي غنيت",https://lyricstranslate.com/en/elissa-minn-albi-ghanayt-lyrics.html
نفسي أقوله,"نفسي أقوله
نفسي أقوله
نفسي أقوله
نِفسـِي أقولـُّه كُـنت إِيه
قَبلُـه واِستَـنِّـيتُه لِـيه؟
كُنت صُورَة حِلوَة نَاقصَة
حَاجَة كَـمِّـلهَا بعِـيـنيِه
كُنت عَايشَة عُمرِي خُوف
تَـحت رَحمِة الظُّـرُوف
كُنت قِصَّـة نَاقصَة تِـكْـمَل
أَو كَـلام نَاقِـص حُــرُوف
نِفسِـي أقولُّـه إِيه كَـمَـان؟
كُـنت قَـبلُـه مِـن زَمَـان
وَردَة دِبـلِت وأمَّا قَـرَّب
فَــتَّحـِت قـَـبل الأَوان
نِفسِي أقولُّـه يَـا
حِلم كُـنت هَموت وأطُـولُـه
نِفسِي أقولُّـه يَـا
إِســم بـــَـرتاح أمَّا أقُـــولُـه
نِفسِي أقولُّـه يَـا
حُـبّ أنَا سنِيـنِي اِتعَـاشُولُـه
واِتعَــاشِـت عَـليه
حَالِي كَان وَأنا مُش مـَعَاه
زَيّ طِـفل في سِكَّـة تَـاه
وِاِتحَـرَم مِن حُضن أُمُّـه
واِتـنَـسيَ وَيَّا الحَيَاة
حَالِي كَان وَأنا مُش مـَعَاه
زَيّ حَـدّ الخُوف مَـلَاه
حَـدّ كَان غَرقَـان فِي هَـمُّه
ومُش لاقِـيلُـه طُوق نَجَاة
نِفسِـي أقولُّـه كُـنت إِيـه
قَـبل مَايقَـرَّبـني لِـيه
كُنت عِنوَان حِـلم ضَايِع
وِاِتلَـقَيَ وَأنا بِـين إِيدِيـِه
نِفسِي أقولُّـه يَـا
دنيَا ليليهَا اتعادوَلي
نِفسِي أقولُّـه يَـا
فَـرحه وشمُوعها اِتـقَـادُولِـي
نِفسِي أقولُّـه يَـا
حُضن دَفَّـيَ وشَال حـُمُولِي
لمَّـا هِـرِبت فِيه
نفسي أقوله",https://lyricstranslate.com/en/elissa-nefsi-aollo-lyrics.html-0
هخاف من إيه ,"هخاف من إيه
هخاف من إيه
هخاف من إيه
هخاف من ايه؟
هقوله على اللي جوايا
هخاف من ايه؟
كرهت وجوده ويّايا
تعبت كتير وبكفاية، وهتعب ليه
ياما عدّى وقت عليا ودموعي مغرقة عيني
ياما أقرب الناس ليا كان هو اللي بيإذيني
حاول لو هينساني يا قلبي تبقى تنسيني
جوايا مش فاضل مكان
لجراح ولا لحرمان كمان
دي حكاية خلصانة من زمان
تفيد بإيه بعدين!
ملينا مع بعض الكلام
ونسينا أحلامنا القدام
كان عادي نتفارق قوام زي أي اتنين
عليا بإيه، وانا شايفاه بينساني
عليا بإيه، وهو العمر فيه تاني!
عشان وياه بقية عمري يضيعوا عليه
هخاف من إيه",https://lyricstranslate.com/en/elissa-hakhaf-men-eah-lyrics.html
هنغنى كمان وكمان,"هنغنى كمان وكمان
هنغنى كمان وكمان
هنغنى كمان وكمان
لما نروح ونسافر حتة بعيدة
لما بندخل قصة حب جديدة
لما بنتجمع في مناسبة سعيدة
بنغني
لما نطير مالفرحة لعالم تاني
لما تضيق الدنيا علينا ونعاني
لما بنفصل م الدنيا دي ثواني
بنغني
هنعيش لسه ياما ونشوف
هنعيش تحت أي ظروف
هنعيش لسه ياما ونشوف
هنعيش يللا بينا نعيش
هنغني كمان وكمان
وهنرقص عالاحزان
ويا دنيا جنان بجنان
ويا دنيا جنان بجنان
هنغني كمان وكمان
وهنرقص عالاحزان
ويا دنيا جنان بجنان
ويا دنيا جنان بجنان
كلنا فالهوى سوا من حيرة لحيرة
شايلة قلوبنا حاجات ياما ياما كتيرة
فما بنصدق ونفك التكشيرة
ونغني
زي البحر الدنيا واحنا سفينة
بندور عالشط اللي يرسينا
وبنتلكك على حاجة تنسينا
ونغني
هنعيش لسه ياما ونشوف
هنعيش تحت أي ظروف
هنعيش لسه ياما ونشوف
هنعيش يللا بينا نعيش
هنغني كمان وكمان
وهنرقص عالاحزان
ويا دنيا جنان بجنان
ويا دنيا جنان بجنان
هنغني كمان وكمان
وهنرقص عالاحزان
ويا دنيا جنان بجنان
ويا دنيا جنان بجنان
هنغنى كمان وكمان",https://lyricstranslate.com/en/elissa-%D9%87%D9%86%D8%BA%D9%86%D9%89-%D9%83%D9%85%D8%A7%D9%86-%D9%88%D9%83%D9%85%D8%A7%D9%86-hanghani-kaman-wi-kaman-lyrics.html
وحشتوني,"وحشتوني
وحشتوني
وحشتوني
وحشتوني
وحشتوني
أهلا أهلا بأعز الحبايب
أهلا بالقمر اللي غايب
يا قمره وحشتينا
نورتي ليالينا
واتلموا الحبايب
وحشتوني وحشتوني وحشتوني
وحشتوا عيوني
وفكرتوني باللي كان
ورجعتوني يا حبايبي
لأيام فات عليها زمان
رجعتلكم هنا
بينكم أغنيلكم
وحشتوني وحشتوني
وحشتني ليالي زمان
وحشتوني
بقالكوا زمان وحشتوني
وحشتوني
ولسه ها توحشوني كمان
يا عشرة عمر حبيتها
وأموت فيها كمان وكمان
ومهما الدنيا تبعدنا
ها نتقابل في كل مكان
ومهما العمر فرقنا
ها نرجع برضه زي زمان
بليغ حمدي, سعيد مرسي
وحشتوني",https://lyricstranslate.com/en/elissa-wahashtouni-lyrics.html
وحياة الحب ,"وحياة الحب
وحياة الحب
وحياة الحب
وحياه الحب ماتحب حدا غيري
ياعيني بغار الاسرار تكويني
مابدي الورد والحب لحدا غيري
تلاقيني نهار ونهار تنسيني
مين قال مين مين مين وحياتك
قال الحلوين حلوين بالغيره
ياليل ياعين بيا قلبي استحلاك
وبقلب النار مشتاق تحييني
ياليل ياعين يبا عيني بلاك
عيني مابتبقى عيني وعيني بتهواك
قلبي غالي وتمتملك هلا قربني ليك بالهوا
حبي غالي وقدملك حلا فتح عينيك
حــــــــــرام
لا ما فيك الحق عليك
ماتجرب نحلف بعينيك
كذبوا كا اللي حواليك
مين قاك مابحبك
قللي ما تتلبك
لاياعيني لالا ..لاتسمعلن لا
شو بتسمع مني ياه
حــــــــــــــرام
شو بدك قول وماتشك بناري
قلبي مشغول وحبك مشواري
لومهما يطول بعدك ياقاسي
انا مش معقول كذب احساسي
وحياة الحب",https://lyricstranslate.com/en/elissa-wahyet-el-hob-lyrics.html-0
ولا بعد سنين ,"ولا بعد سنين
ولا بعد سنين
ولا بعد سنين
ولا بعد سنين
ييجي يوم وحبي ليه يخلص ولا ينقص حبتين
ممكن كمان حبي ليه يلاقيه زايد مرتين
من يومه كان بالنسبة ليا
حبيب زمان وكمان حبيب بعدين
مين اللي حبيبي وانا معاه
نسّاني الخوف اللي انا خايفاه
مين يتغير من جواه
من بعد ما نصه التاني لقاه
ولا يوم هنساه
وازاي وليه ومين اللي هينسى الحضن اللي واساه
ونِّس حياتي، ومن يضيع حاجه مونساه
مر الحياة حلّاه معايا
وانا في الحياة وفيا انا مقاسماه
أنا لو فات قد ايه بعد حياتي بحياة
صعب أتغيّر عليه ولّا أتغيّر معاه
ولا يوم هنساه
وازاي وليه ومين اللي هينسى الحضن اللي واساه
ونِّس حياتي، ومن يضيع حاجه مونساه
مر الحياة حلّاه معايا
وانا في الحياة وفيا انا مقاسماه
ولا بعد سنين",https://lyricstranslate.com/en/elissa-wala-baad-senin-lyrics.html
يا ريت,"يا ريت
يا ريت
يا ريت
يا ريت... بقدر إحكي مع حالي ونسّيها الندم
يا ريت... بترجع دموعي تا ضمّها ونسّيها الألم
يا ريت
كان الوفا معك وَفي وما طلع منك
كان الزمن حذرني وقلي إبعد عنك
آه... يا زماني... آه
شو بعمل باللي جواتي
قاتلني وحابس أنفاسي
شو صعبة إنسى حبيبي والأصعب كمّل حياتي
يا ريت
متل هالإيام قلبك كسر قلبي
متل هالإيام صابو العمى قلبي
ما عم إسمعلو دقاتو
ولا بتعنيلي حياتو
شو بيسوى قلبي والعالم يا عمري
وإنت منك جواتو
متل هالإيام كنا أنا وإنت
بقلبك محلي وجوّا قلبي إنت
وبلحظة وقف الحكي
كأنو ملبّك مستحي
يرجع ويشوف عيونك
يا ريتني كنت بوقتها إختفي
يا ريت",https://lyricstranslate.com/en/elissa-yarit-lyrics.html
يا مرايتى,"يا مرايتى
يا مرايتى
يا مرايتى
يا مرايتى من كام سنه لليوم قديش اتغيرت
يا مرايتى من كام سنه لليوم انا كم مره خسرت
يا مرايتى يا اللى بتعرفى حكايتى
انتى بتعرفى شو شفت وبتعرفى من شو خفت
كم مره بوشك وقفت قلتلك هيدى نهايتى
يا مرايتى يا اللى بتعرفى حكايتى زهقانه
من كل الدنيا
تعبانه مدرى شو بنى كل يوم عم عيشو سنه
معقول هيدى نهايتى يامرايتى شو ضيعت شو
الايد وشو باقى فرص
يامرايتى قلبى تعب عن جد من كل القصص
يا مرايتى يا اللى بتعرفى حكايتى مقهوره من
غدر البشر مهمومه قاتلنى الضجر
فى جروح عم تترك اثر ترسم طريق نهايتى
يا مرايتى يا اللى بتعرفى حكايتى
مجروح قلبى وما جرحت عجروحى قلبى اتمرجحت
من يوم يومى ما فرحت قوليلى وين بدايتى
يا مرايتى",https://lyricstranslate.com/en/elissa-ya-merayti-lyrics.html
